-- phpMyAdmin SQL Dump
-- version 5.2.0
-- https://www.phpmyadmin.net/
--
-- Host: 127.0.0.1
-- Generation Time: Oct 21, 2022 at 11:45 AM
-- Server version: 10.4.25-MariaDB
-- PHP Version: 8.1.10

SET SQL_MODE = "NO_AUTO_VALUE_ON_ZERO";
START TRANSACTION;
SET time_zone = "+00:00";


/*!40101 SET @OLD_CHARACTER_SET_CLIENT=@@CHARACTER_SET_CLIENT */;
/*!40101 SET @OLD_CHARACTER_SET_RESULTS=@@CHARACTER_SET_RESULTS */;
/*!40101 SET @OLD_COLLATION_CONNECTION=@@COLLATION_CONNECTION */;
/*!40101 SET NAMES utf8mb4 */;

--
-- Database: `newsportal`
--

-- --------------------------------------------------------

--
-- Table structure for table `tbladmin`
--

CREATE TABLE `tbladmin` (
  `id` int(11) NOT NULL,
  `AdminUserName` varchar(255) NOT NULL,
  `AdminPassword` varchar(255) NOT NULL,
  `AdminEmailId` varchar(255) NOT NULL,
  `Is_Active` int(11) NOT NULL,
  `CreationDate` timestamp NOT NULL DEFAULT current_timestamp(),
  `UpdationDate` timestamp NULL DEFAULT '0000-00-00 00:00:00' ON UPDATE current_timestamp()
) ENGINE=InnoDB DEFAULT CHARSET=latin1;

--
-- Dumping data for table `tbladmin`
--

INSERT INTO `tbladmin` (`id`, `AdminUserName`, `AdminPassword`, `AdminEmailId`, `Is_Active`, `CreationDate`, `UpdationDate`) VALUES
(1, 'root', '', 'campcodes@gmail.com', 1, '2021-10-01 17:51:00', '2022-10-19 23:14:56');

-- --------------------------------------------------------

--
-- Table structure for table `tblcategory`
--

CREATE TABLE `tblcategory` (
  `id` int(11) NOT NULL,
  `CategoryName` varchar(200) DEFAULT NULL,
  `Description` mediumtext DEFAULT NULL,
  `PostingDate` timestamp NULL DEFAULT current_timestamp(),
  `UpdationDate` timestamp NULL DEFAULT NULL,
  `Is_Active` int(1) DEFAULT NULL
) ENGINE=InnoDB DEFAULT CHARSET=latin1;

--
-- Dumping data for table `tblcategory`
--

INSERT INTO `tblcategory` (`id`, `CategoryName`, `Description`, `PostingDate`, `UpdationDate`, `Is_Active`) VALUES
(1, 'BD & World', 'Bangladesh & Abroad', '2022-10-06 10:28:09', '2022-10-19 18:41:07', 1),
(2, 'Sports', 'Related to sports news', '2022-10-06 10:28:09', '2022-10-19 18:41:07', 1),
(3, 'Entertainment', 'Entertainment related  News', '2022-10-06 10:28:09', '2022-10-19 18:41:07', 1),
(4, 'Advertisement', 'Show Adds ', '2022-10-20 00:30:18', '2022-10-20 09:16:18', 1);

-- --------------------------------------------------------

--
-- Table structure for table `tblcomments`
--

CREATE TABLE `tblcomments` (
  `id` int(11) NOT NULL,
  `postId` char(11) DEFAULT NULL,
  `name` varchar(120) DEFAULT NULL,
  `email` varchar(150) DEFAULT NULL,
  `comment` mediumtext DEFAULT NULL,
  `postingDate` timestamp NULL DEFAULT current_timestamp(),
  `status` int(1) DEFAULT NULL
) ENGINE=InnoDB DEFAULT CHARSET=latin1;

--
-- Dumping data for table `tblcomments`
--

INSERT INTO `tblcomments` (`id`, `postId`, `name`, `email`, `comment`, `postingDate`, `status`) VALUES
(1, '24', 'Shawan Das', '19101020@uap-bd.edu', 'How to Buy the offer', '2022-10-20 00:53:37', 1),
(2, '30', 'Shawan Das', '19101020@uap-bd.edu', 'test comment', '2022-10-20 07:08:25', 1),
(3, '84', 'User Unknows', 'random001@yahoo.com', 'Congo Sri Lanka', '2022-10-20 08:50:27', 1);

-- --------------------------------------------------------

--
-- Table structure for table `tblpages`
--

CREATE TABLE `tblpages` (
  `id` int(11) NOT NULL,
  `PageName` varchar(200) DEFAULT NULL,
  `PageTitle` mediumtext DEFAULT NULL,
  `Description` longtext DEFAULT NULL,
  `PostingDate` timestamp NULL DEFAULT current_timestamp(),
  `UpdationDate` timestamp NULL DEFAULT NULL ON UPDATE current_timestamp()
) ENGINE=InnoDB DEFAULT CHARSET=latin1;

--
-- Dumping data for table `tblpages`
--

INSERT INTO `tblpages` (`id`, `PageName`, `PageTitle`, `Description`, `PostingDate`, `UpdationDate`) VALUES
(1, 'aboutus', 'About BriefBulletin', '<div><font color=\"#7b8898\" face=\"Verdana\"><span style=\"font-size: 26px;\">This is Brief Bulletin created by</span></font><font color=\"#7b8898\" face=\"Verdana\"><span style=\"font-size: 26px;\">&nbsp;</span></font></div><ul><li style=\"text-align: justify;\"><font color=\"#7b8898\" face=\"Verdana\"><span style=\"font-size: 26px;\"><a href=\"https://github.com/Hasibur-R\">Md. Hasibur Rahman</a>,&nbsp;</span></font></li><li style=\"text-align: justify;\"><a href=\"https://github.com/tanmoyMazumder\" target=\"_blank\" style=\"font-family: Verdana; background-color: rgb(255, 255, 255); font-size: 26px;\">Tanmoy Mazumder</a><span style=\"color: rgb(123, 136, 152); font-family: Verdana; font-size: 26px;\">,</span></li><li style=\"text-align: justify;\"><a href=\"https://github.com/Shawan-Das\" target=\"_blank\" style=\"font-family: Verdana; background-color: rgb(255, 255, 255); font-size: 26px;\">Shawan Das</a><span style=\"color: rgb(123, 136, 152); font-family: Verdana; font-size: 26px;\">&nbsp;</span></li></ul><div><span style=\"color: rgb(123, 136, 152); font-family: Verdana; font-size: 26px; text-align: justify;\">for our CSE-410 project.</span><font color=\"#7b8898\" face=\"Verdana\"><span style=\"font-size: 26px;\"><br></span></font></div><div><font color=\"#7b8898\" face=\"Verdana\"><span style=\"font-size: 26px;\">We used PHP, Javascript, HTML, CSS, Python, MySql to create this project. We used beautifulsoup4, Newspaper3k, Requests and shutin</span></font></div><div><font color=\"#7b8898\" face=\"Verdana\"><span style=\"font-size: 26px;\">used to collect news.&nbsp;</span></font></div><div><font color=\"#7b8898\" face=\"Verdana\"><span style=\"font-size: 26px;\">Project Link: https://github.com/tanmoyMazumder/summarized-news-portal</span></font></div>', '2022-10-20 05:59:23', '2022-10-20 06:18:27'),
(2, 'contactus', 'Contact Details', '<p><br></p><p><b>Address :&nbsp;&nbsp;</b>74/A , Green Road , Dhaka - 1205, Bangladesh<br><b>Phone Number : </b>+88 -0188888888</p><p><b>Email -id :</b>nevermind@gmail.com</p>', '2022-10-20 05:59:23', '2022-10-20 06:25:46');

-- --------------------------------------------------------

--
-- Table structure for table `tblposts`
--

CREATE TABLE `tblposts` (
  `id` int(11) NOT NULL,
  `PostTitle` longtext DEFAULT NULL,
  `CategoryId` int(11) DEFAULT NULL,
  `PostDetails` longtext CHARACTER SET utf8 DEFAULT NULL,
  `PostingDate` timestamp NULL DEFAULT current_timestamp(),
  `UpdationDate` timestamp NULL DEFAULT NULL ON UPDATE current_timestamp(),
  `Is_Active` int(1) DEFAULT 1,
  `PostUrl` mediumtext DEFAULT NULL,
  `PostImage` varchar(255) DEFAULT NULL
) ENGINE=InnoDB DEFAULT CHARSET=latin1;

--
-- Dumping data for table `tblposts`
--

INSERT INTO `tblposts` (`id`, `PostTitle`, `CategoryId`, `PostDetails`, `PostingDate`, `UpdationDate`, `Is_Active`, `PostUrl`, `PostImage`) VALUES
(1, 'Bond star Daniel Craig receives same medal as 007', 1, 'James Bond actor Daniel Craig on Tuesday received the same honour held by his fictional character, as he is set to retire from the role.\nThe actor received the honour for his outstanding contribution to film and theatre.\n\"We\'ve been expecting you\", the royal family\'s official Twitter account captioned its photograph, quoting a line famously used by a Bond villain.\nJames Bond was said to have received the honour in his obituary in \"You Only Live Twice,\" Ian Fleming Publications tweeted.\nIt was not the first time Craig reprised his Bond role with the royal family in on the joke.', '2022-10-19 23:15:27', '2022-10-20 10:44:43', 1, 'https://www.daily-sun.com/post/651134/Bond-star-Daniel-Craig-receives-same-medal-as-007', 'cfb6e7bc49efc3db2bfa9811b671cd55.jpg'),
(2, '5 robbers arrested with gold looted from teacher’s house in Jashore', 1, '5 robbers arrested with gold looted from teacher’s house in JashoreDetective Branch of Police yesterday (October 19, 2022) in separate drives arrested five robbers in connection with the robbery that happened at the house of Dormutia Government Primary School\'s Headmaster Pabitra Kumar Goldar from different areas in Jashore.\nFour are members of an inter-district gang of robbers, said OC.\nLater, on their information, Sumon Chakrabarty, the owner of Sundari Jewellers, was arrested in a raid at Swarnapatti area in Manirampur upazila.\nPolice also seized seven bhori gold, seven bhori silver ornaments and Tk 33,500 in his possession, the OC said.\nOn July 1, a group of robbers looted money along with nine bhori gold ornaments by cutting the grill of the window at the house of Headmaster Pabitra Kumar Goldar.', '2022-10-19 23:15:36', NULL, 1, 'https://www.thedailystar.net/news/bangladesh/crime-justice/news/5-robbers-arrested-gold-looted-teachers-house-jashore-3147316', 'httpsimages.thedailystar.netsitesdefaultfilesstylessocial_sharepublicimages20221020312341526_10223028790451566_7877097851196342377_n.jpg'),
(3, 'RU student’s death: Fellow students allege ‘treatment delay’ at RMCH', 1, 'A student of Rajshahi University died last night after falling from one of the upper floors of the university\'s Shaheed Habibur Rahman Hall.\nProctor Ashabul said Shahriar died around 9:00pm at Rajshahi Medical College Hospital (RMCH).\nHis death sparked a protest by RU students at the RMCH as they claimed that the on-duty doctors delayed treatment on Shahriar.\nMeanwhile, some five or six demonstrating students came under attack by RMCH staffers, said Tarique Noor, RU\'s student adviser.\nRMC interns alleged that RU students vandalised the hospital.', '2022-10-19 23:15:54', NULL, 1, 'https://www.thedailystar.net/news/bangladesh/accidents-fires/news/ru-students-death-fellow-students-allege-treatment-delay-rmch-3147451', 'httpsimages.thedailystar.netsitesdefaultfilesstylessocial_sharepublicimages20221020310969540_643759534094549_9186714654172630629_n.jpg'),
(4, 'Shakib reclaims top spot in ICC T20I rankings for all-rounders', 1, 'Bangladesh skipper Shakib Al Hasan has reclaimed the top spot among all-rounders in the latest ICC T20I rankings released on Wednesday, October 19.\nThe veteran all-rounder was in excellent form in the recently concluded tri-series in New Zealand.\nShakib struck two back-to-back half-centuries in Bangladesh\'s last two fixtures before the Bangla Tigers landed in Australia for the ICC T20 World Cup 2022.\nJJ Smit and Sikandar Raza also made significant jumps after a brilliant start to their T20 World Cup campaigns.\nNamibia\'s Smit has moved up to fourth place, while Zimbabwean all-rounder Raza finds himself in seventh place.', '2022-10-19 23:16:14', NULL, 1, 'https://www.daily-sun.com/./post/651208/Shakib-reclaims-top-spot-in-ICC-T20I-rankings-for-allrounders', 'httpswww.daily-sun.comassetsnews_images20221019Shakib-ds-1.jpg'),
(5, 'Rohingya repatriation: Dhaka may seek updates on Beijing\'s efforts', 1, 'Bangladesh is likely to seek an update from the Chinese side on Thursday regarding its efforts to find ways for repatriation of the Rohingya refugees to Myanmar.\nOn October 13, the Chinese envoy said the key to the Rohingya issue is building confidence between the stakeholders, not the unilateral efforts from a certain country.\nHe said China has been working on Bangladesh and Myanmar to help to resolve the Rohingya issue through talks because both Bangladesh and Myanmar are China\'s friendly neighbors.\nThus, he said, the Chinese side hopes Bangladesh and Myanmar could work in the same direction so that the repatriation could start at an early date.\n“They made a commitment to create a condition for a safe and dignified return,” he said, but the saddest thing is that not a single Rohingya could return.', '2022-10-19 23:17:19', NULL, 1, 'https://www.daily-sun.com/./post/651207/Rohingya-repatriation:-Dhaka-may-seek-updates-on-Beijings-efforts', 'httpswww.daily-sun.comassetsnews_images20221019Rohingya-ds-1.jpg'),
(6, 'Under-pressure Putin \'doubles down\' with security decree', 1, 'In those regions close to the border with Ukraine, such as Belgorod, Bryansk, Krasnodar and Rostov regions, as well as in annexed Crimea, a \"medium level of response\" has been declared.\nMeasures include boosting security and public order: the decree also envisages restrictions on the movement of traffic, as well as on entry into and exit from these regions.', '2022-10-19 23:17:36', NULL, 1, 'https://www.bbc.com/news/world-europe-63319100', 'httpsichef.bbci.co.uknews1024branded_newsE048production_127261475_mediaitem127261471.jpg'),
(7, 'Ukrainian troops under close gunfire', 1, 'Fighting on the front line near the city of Lyman in eastern Ukraine involves not only artillery strikes, but also close quarters combat, as the BBC\'s Jonathan Beale finds out.\nCamera: Lee DurantProducer: Firle Davies', '2022-10-19 23:17:52', NULL, 1, 'https://www.bbc.com/news/world-europe-63318579', 'httpsichef.bbci.co.uknews1024branded_news13E80production_127263518_p0d81n2f.jpg'),
(8, 'Has the media\'s obsession with Shakib Khan gone too far?', 3, 'Recently, there has been a surge in coverage of the actor Shakib Khan and his relationship with film actress and news anchor Shobnom Bubly.\nFrom probing into their personal lives, contacting close family members, to solidifying rumors about Shakib\'s involvement with other female co-stars, the media stopped at nothing to pump out content.\nIt is already difficult for celebrities, wherever they may be from, to keep their lives under the wraps from the public.\nIn this wild goose-chase of Shakib Khan\'s history and his past and present involvement with co-stars, the personal lives of female artists like Apu Biswas, Puja Chery, and Shabnom Bubly herself were put in jeopardy.\nThe more likes and shares articles about Shakib Khan get, the more incentive media houses have to uncover never-seen-before information, and this deprave cycle continues.', '2022-10-19 23:18:11', NULL, 1, 'https://www.thedailystar.net/shout/news/has-the-medias-obsession-shakib-khan-gone-too-far-3147066', 'httpsimages.thedailystar.netsitesdefaultfilesstylessocial_sharepublicimages20221019facebook_thumbnail_4.png'),
(9, 'Oikko Channel i Music Awards 2022: Honouring the best in music', 3, 'Oikko Channel i Music Awards 2022: Honouring the best in musicSamina Chowdhury performing at the event.\nPhotos: Courtesy of Channel iThe Oikko-Channel i Music Awards was held yesterday, at the Sheikh Russel Cantonment, Padma Bridge.\nBest Lyricist (Film): Mir SabbirBest Music Video: Piplu R KhanBest Nazrul Sangeet Singer: Priyanka GopeSpecial Mention Nazrul Award: Sadya Afreen MallickBidya Sinha Mim\'s dance performance.\nRezwana Choudhury BannyaBest Rabindra Sangeet Singer: Shama RahmanBest Singer (Debut): Nuzhat Sabiha PushpitaBest Classical Instrument player: Ruba, Tungtang, AshikHabib Wahid and Shithi Saha receiving awards.\nFerdous AraBest singer in (thematic song): Zanita Ahmed ZhilikBest composer in (thematic song): Shafiq TuhinBest Lyricist in (thematic song): Zulfiqer RussellShykh Seraj, Director and Head of News at Channel i.', '2022-10-19 23:18:30', NULL, 1, 'https://www.thedailystar.net/entertainment/tv-film/news/oikko-channel-i-music-awards-2022-honouring-the-best-music-3147056', 'httpsimages.thedailystar.netsitesdefaultfilesstylessocial_sharepublicimages20221019nas_8154.jpg'),
(10, 'Man proposes to girlfriend on Shah Rukh Khan song in front of Eiffel Tower', 3, 'Shah Rukh Khan is regarded as the \'King of Romance\' in the country.\nTaking inspiration from the megastar, a man proposed to his girlfriend by dancing to hit song \'Koi Mil Gaya\' featuring SRK from the movie \'Kuch Kuch Hota Hai\' as seen in a video doing rounds on the internet.\nTo make it more special, the man performed in front of the Eiffel Tower in Paris.\n\"He\'s got what it takes to make a marriage work I think,\" a user wrote.\nWhile some users are praising the man for his efforts, others are not impressed with his creativity.', '2022-10-19 23:18:49', NULL, 1, 'https://www.daily-sun.com/./post/651194/Man-proposes-to-girlfriend-on-Shah-Rukh-Khan-song-in-front-of-Eiffel-Tower', 'httpswww.daily-sun.comassetsnews_images20221019Propose.PNG'),
(11, 'Urvashi Rautela getting hair cut in support of Iranian women', 3, 'Urvashi Rautela, who recently shared pictures of herself getting her hair cut in support of Iranian women, feels that as a public figure, it is her responsibility to voice her opinion on important issues.\nCalling these protests “extremely moving”, Rautela says, “People need to stop oppressing women and start respecting and recognizing them.\nFeminism will regain its strength once women come together and consider one woman’s issue as an issue of the entire womankind.”Rautela is not the first person to express solidarity with Iranian protesters.\nPreviously, actors Priyanka Chopra Jonas, Elnaaz Norouzi, and Mandana Karimi also raised their voices in support.\nAs we all know that social media is very powerful, I feel it must be used for the betterment of society.”To the women, who are still silent on the issue, Rautela says, “I know it takes courage to speak.”Source: Hindustan Times', '2022-10-19 23:18:55', NULL, 1, 'https://www.daily-sun.com/./post/651177/Urvashi-Rautela-getting-hair-cut-in-support-of-Iranian-women', 'httpswww.daily-sun.comassetsnews_images20221019Urvoshi.jpg'),
(12, 'Alan Garner: The magical master of British literature', 3, 'Ritual sacrifices, demons of the past reawakening and the unspoiled countryside hiding dark secrets are all signifiers of folk horror.\nA folk horror renaissanceThe term \"folk horror\" is a relatively recent one; while it was used by journalist Rod Cooper in 1970 in his review of The Blood on Satan\'s Claw, it was popularised by Mark Gatiss in his 2010 BBC Four series, A History of Horror.\nMuch like Garner\'s writing, folk horror is rather difficult to characterise.\nAs Roger Luckhurst writes in his 2021 book, Gothic, \"[folk horror] has proven to have very flexible boundaries, incorporating music and half-remembered children\'s television shows as easily as films and horror novels.\"\nAnd, while they encompass the most well-known early examples of the genre, The Owl Service predates all three.', '2022-10-19 23:19:14', NULL, 1, 'https://www.bbc.com/culture/article/20221013-alan-garner-the-magical-master-of-british-literature', 'httpsychef.files.bbci.co.uklive624x351p0d6rgpj.jpg'),
(13, 'Alan Garner: The magical master of British literature', 3, 'Ritual sacrifices, demons of the past reawakening and the unspoiled countryside hiding dark secrets are all signifiers of folk horror.\nA folk horror renaissanceThe term \"folk horror\" is a relatively recent one; while it was used by journalist Rod Cooper in 1970 in his review of The Blood on Satan\'s Claw, it was popularised by Mark Gatiss in his 2010 BBC Four series, A History of Horror.\nMuch like Garner\'s writing, folk horror is rather difficult to characterise.\nAs Roger Luckhurst writes in his 2021 book, Gothic, \"[folk horror] has proven to have very flexible boundaries, incorporating music and half-remembered children\'s television shows as easily as films and horror novels.\"\nAnd, while they encompass the most well-known early examples of the genre, The Owl Service predates all three.', '2022-10-19 23:19:30', NULL, 1, 'https://www.bbc.com/culture/article/20221013-alan-garner-the-magical-master-of-british-literature', 'httpsychef.files.bbci.co.uklive624x351p0d6rgpj.jpg'),
(14, 'Four-wicket Joseph helps West Indies topple Zimbabwe', 2, 'A fiery four-wicket spell from pace bowler Alzarri Joseph helped the two-time champion West Indies storm past Zimbabwe by 31 runs to keep their Twenty20 World Cup dreams alive on Wednesday.\nThey accomplished the feat with 10 balls to spare, dismissing Zimbabwe for 122 after setting them 154 to win.\nPooran fell for seven and when Charles was comically run out for 45 in a mix-up with Rovman Powell, the West Indies were reeling.\nRaza trapped Shamarah Brooks lbw, and then caught and bowled Holder with the West Indies losing four wickets for 11 runs in 12 balls to leave them on 101-6.\nIn reply, Zimbabwe slammed 18 in a nightmare first over from Mayers.', '2022-10-19 23:19:50', NULL, 1, 'https://www.thedailystar.net/sports/sports-special/t20-world-cup-2022/news/four-wicket-joseph-helps-west-indies-topple-zimbabwe-3146906', 'httpsimages.thedailystar.netsitesdefaultfilesstylessocial_sharepublicimages20221019joseph.jpg'),
(15, 'Mash vows \'100 per cent effort\' after signing for Sylhet Sixers', 2, 'Bangladesh former captain Mashrafe Bin Mortaza attended the logo unveiling of BPL franchise Sylhet Sixers today at a city hotel.\nMashrafe, who remains BPL\'s most successful captain with four titles, said that he will give everything so Sylhet can win their maiden title.\n\"I am confident I will give my hundred per cent effort.\nMash said it was difficult to talk about expectations as he has not been watching matches lately.\n\"We played in Australia in 2015, although it was the ODI World Cup and we made it to the quarterfinals.', '2022-10-19 23:20:07', NULL, 1, 'https://www.thedailystar.net/sports/cricket/news/mash-vows-hundred-percent-effort-after-signing-sylhet-sixers-3147101', 'httpsimages.thedailystar.netsitesdefaultfilesstylessocial_sharepublicimages20221019mash_sylhet_sixers_2.jpeg'),
(16, 'Five things to know about World Cup host Qatar', 2, 'Five things to know about the desert peninsula:- Small but powerful -The country was a British protectorate for 55 years until 1971.\nThe current emir, Sheikh Tamim bin Hamad Al-Thani, rose to power in 2013 after his father Sheikh Hamad bin Khalifa Al-Thani abdicated.\n- Owner of the Shard -Qatar is one of the world\'s largest producers and exporters of liquefied natural gas.\nQatar rejected the demands and rode out the blockade, which was eventually lifted, under pressure from the United States, which sees both Saudi Arabia and Qatar as key allies.\n- Skewered over rights -Ever since Qatar\'s shock win in the race to host the World Cup, the spotlight has been on its human rights record, particularly its treatment of migrant workers.', '2022-10-19 23:20:25', NULL, 1, 'https://www.daily-sun.com/./post/651184/Five-things-to-know-about-World-Cup-host-Qatar', 'httpswww.daily-sun.comassetsnews_images20221019Qatar-ds.jpg'),
(17, 'BPL 2023: Sylhet Strikers ropes in Mashrafe, Amir, Perera', 2, 'As the first franchise of this year\'s Bangladesh Premier League (BPL), Sylhet Strikers named their icon players and some important foreign recruits.\nMashrafe Bin Mortaza, the former captain of Bangladesh national team, is the icon of Sylhet Strikers.\nThey also roped in Pakistan pace-bowling star Mohammad Amir along with Sri Lankan stars Thisara Perera, Kamindu Mendis and Dhananjaya de Silva.\nSylhet have also named Rajin Saleh, the former national team captain, as their assistant coach and Nafis Iqbal as their team manager respectively.\nA total of seven teams will participate in this year\'s BPL which will begin in early January 2023.', '2022-10-19 23:20:32', NULL, 1, 'https://www.daily-sun.com/./post/651159/BPL-2023:-Sylhet-Strikers-ropes-in-Mashrafe-Amir-Perera', 'httpswww.daily-sun.comassetsnews_images20221019mash.jpg'),
(18, 'Liverpool 1-0 West Ham: Darwin Nunez scores his first Anfield goal for Reds', 2, 'Against West Ham, Nunez offered further evidence he is starting to find his rhythm and confidence.\nPost update Corner, Liverpool.\nPost update Corner, West Ham United.\nGianluca Scamacca (West Ham United) right footed shot from the right side of the box is close, but misses the top right corner.\nPost update Corner, Liverpool.', '2022-10-19 23:20:50', NULL, 1, 'https://www.bbc.com/sport/football/63224216', 'httpsichef.bbci.co.uklive-experiencecps624cpsprodpb0D26production_127266330_gettyimages-1434802187.jpg'),
(19, 'Elche 0-3 Real Madrid: Karim Benzema scores in win after Ballon d\'Or success', 2, 'Last updated on .From the section European FootballKarim Benzema has now scored 224 goals in La Liga for Real MadridBallon d\'Or winner Karim Benzema scored as Real Madrid extended their advantage at the top of La Liga to six points with victory over Elche.\nBenzema linked with Rodrygo before slotting home from 18 yards, having seen two earlier efforts ruled out by the Video Assistant Referee.\nMarco Asensio scored a third as Real extended their unbeaten start to 10 games.\nElche sit bottom of La Liga, and it was a tough night from the get-go with Benzema seeing a goal disallowed for offside in the build-up after six minutes.\nThey have won their first six away league games for only the second time, after the 1991/92 campaign.', '2022-10-19 23:21:16', NULL, 1, 'https://www.bbc.com/sport/football/63322366', 'httpsichef.bbci.co.uklive-experiencecps624cpsprodpb14D76production_127266358_gettyimages-1434828607.jpg'),
(20, 'Bond star Daniel Craig receives same medal as 0007', 1, '<p>New Story hUMBA hUMBA</p>', '2022-10-19 23:54:46', '2022-10-19 23:55:52', 0, 'Bond-star-Daniel-Craig-receives-same-medal-as-0007', 'db38b0e7df06f6e9b1ef00b49390bea1.png'),
(21, 'Airtel Rate Cutter @ 99 Tk', 4, '<p style=\"box-sizing: inherit; margin-bottom: 10px; line-height: 26px; color: rgba(0, 0, 0, 0.87); font-family: Nunito, &quot;Noto Sans Bengali&quot;, sans-serif;\">Recharge 99 Taka and talk to any operator @ 66 paisa / minute for 60 days.</p><h3 style=\"box-sizing: inherit; margin-top: 0px; margin-bottom: 0.5rem; font-family: Nunito, &quot;Noto Sans Bengali&quot;, sans-serif; font-weight: bold; line-height: 1.2; color: rgba(0, 0, 0, 0.87); font-size: 18px;\">Terms &amp; Conditions:</h3><ul style=\"box-sizing: inherit; margin-bottom: 1rem; color: rgba(0, 0, 0, 0.87); font-family: Nunito, &quot;Noto Sans Bengali&quot;, sans-serif;\"><li style=\"box-sizing: inherit; margin-bottom: 5px;\">Recharge amount will be added to your main account balance.</li><li style=\"box-sizing: inherit; margin-bottom: 5px;\">Pulse will be 10 second.</li><li style=\"box-sizing: inherit; margin-bottom: 5px;\">SD, VAT &amp; SC applicable.</li><li style=\"box-sizing: inherit; margin-bottom: 5px;\">Only Prepaid customers can avail the offer.</li><li style=\"box-sizing: inherit; margin-bottom: 5px;\">The campaign will be continued until further notice.</li></ul>', '2022-10-20 00:36:42', '2022-10-20 00:37:17', 1, 'Airtel-Rate-Cutter-@-99-Tk', '9b35e9dd63e109db97dbccb423163237.png'),
(22, 'Airtel Voice Offer @ 28 Taka', 4, '<p style=\"box-sizing: inherit; margin-bottom: 10px; line-height: 26px; color: rgba(0, 0, 0, 0.87); font-family: Nunito, &quot;Noto Sans Bengali&quot;, sans-serif;\">Recharge exactly 28 Taka or dial&nbsp;<a class=\"color\" href=\"tel:*121*28%23\" style=\"box-sizing: inherit; color: rgb(255, 0, 0); cursor: pointer;\">*121*28#</a>&nbsp;to avail a stunning offer.</p><h3 style=\"box-sizing: inherit; margin-top: 0px; margin-bottom: 0.5rem; font-family: Nunito, &quot;Noto Sans Bengali&quot;, sans-serif; font-weight: bold; line-height: 1.2; color: rgba(0, 0, 0, 0.87); font-size: 18px;\">Offer Includes:</h3><p style=\"box-sizing: inherit; margin-bottom: 10px; line-height: 26px; color: rgba(0, 0, 0, 0.87); font-family: Nunito, &quot;Noto Sans Bengali&quot;, sans-serif;\"><span style=\"box-sizing: inherit; font-weight: bolder;\">Talktime:</span>&nbsp;46 Minutes (anynet)</p><p style=\"box-sizing: inherit; margin-bottom: 10px; line-height: 26px; color: rgba(0, 0, 0, 0.87); font-family: Nunito, &quot;Noto Sans Bengali&quot;, sans-serif;\"><span style=\"box-sizing: inherit; font-weight: bolder;\">Validity:</span>&nbsp;2 days</p><h3 style=\"box-sizing: inherit; margin-top: 0px; margin-bottom: 0.5rem; font-family: Nunito, &quot;Noto Sans Bengali&quot;, sans-serif; font-weight: bold; line-height: 1.2; color: rgba(0, 0, 0, 0.87); font-size: 18px;\">Terms &amp; Conditions:</h3><ul style=\"box-sizing: inherit; margin-bottom: 1rem; color: rgba(0, 0, 0, 0.87); font-family: Nunito, &quot;Noto Sans Bengali&quot;, sans-serif;\"><li style=\"box-sizing: inherit; margin-bottom: 5px;\">You can check balance by dialing&nbsp;<a class=\"color\" href=\"tel:*778*0%23\" style=\"box-sizing: inherit; color: rgb(255, 0, 0); cursor: pointer;\">*778*0#</a></li><li style=\"box-sizing: inherit; margin-bottom: 5px;\">Recharge amount will NOT go to your Main Account.</li><li style=\"box-sizing: inherit; margin-bottom: 5px;\">VAT, SD &amp; SC are included in bundle prices</li><li style=\"box-sizing: inherit; margin-bottom: 5px;\">Minutes and validity will be updated if the same pack is re-purchased within the validity period.</li><li style=\"box-sizing: inherit; margin-bottom: 5px;\">At the end of the validity period, any remaining minutes will be forfeited.</li></ul>', '2022-10-20 00:38:25', NULL, 1, 'Airtel-Voice-Offer-@-28-Taka', '23d8e528a0e55465f5b9d41cbcc0553f.png'),
(23, 'Airtel Voice Offer @ 28 Taka', 4, '<p style=\"box-sizing: inherit; margin-bottom: 10px; line-height: 26px; color: rgba(0, 0, 0, 0.87); font-family: Nunito, &quot;Noto Sans Bengali&quot;, sans-serif;\">Recharge exactly 28 Taka or dial&nbsp;<a class=\"color\" href=\"tel:*121*28%23\" style=\"box-sizing: inherit; color: rgb(255, 0, 0); cursor: pointer;\">*121*28#</a>&nbsp;to avail a stunning offer.</p><h3 style=\"box-sizing: inherit; margin-top: 0px; margin-bottom: 0.5rem; font-family: Nunito, &quot;Noto Sans Bengali&quot;, sans-serif; font-weight: bold; line-height: 1.2; color: rgba(0, 0, 0, 0.87); font-size: 18px;\">Offer Includes:</h3><p style=\"box-sizing: inherit; margin-bottom: 10px; line-height: 26px; color: rgba(0, 0, 0, 0.87); font-family: Nunito, &quot;Noto Sans Bengali&quot;, sans-serif;\"><span style=\"box-sizing: inherit; font-weight: bolder;\">Talktime:</span>&nbsp;46 Minutes (anynet)</p><p style=\"box-sizing: inherit; margin-bottom: 10px; line-height: 26px; color: rgba(0, 0, 0, 0.87); font-family: Nunito, &quot;Noto Sans Bengali&quot;, sans-serif;\"><span style=\"box-sizing: inherit; font-weight: bolder;\">Validity:</span>&nbsp;2 days</p><h3 style=\"box-sizing: inherit; margin-top: 0px; margin-bottom: 0.5rem; font-family: Nunito, &quot;Noto Sans Bengali&quot;, sans-serif; font-weight: bold; line-height: 1.2; color: rgba(0, 0, 0, 0.87); font-size: 18px;\">Terms &amp; Conditions:</h3><ul style=\"box-sizing: inherit; margin-bottom: 1rem; color: rgba(0, 0, 0, 0.87); font-family: Nunito, &quot;Noto Sans Bengali&quot;, sans-serif;\"><li style=\"box-sizing: inherit; margin-bottom: 5px;\">You can check balance by dialing&nbsp;<a class=\"color\" href=\"tel:*778*0%23\" style=\"box-sizing: inherit; color: rgb(255, 0, 0); cursor: pointer;\">*778*0#</a></li><li style=\"box-sizing: inherit; margin-bottom: 5px;\">Recharge amount will NOT go to your Main Account.</li><li style=\"box-sizing: inherit; margin-bottom: 5px;\">VAT, SD &amp; SC are included in bundle prices</li><li style=\"box-sizing: inherit; margin-bottom: 5px;\">Minutes and validity will be updated if the same pack is re-purchased within the validity period.</li><li style=\"box-sizing: inherit; margin-bottom: 5px;\">At the end of the validity period, any remaining minutes will be forfeited.</li></ul>', '2022-10-20 00:39:49', '2022-10-20 00:42:39', 0, 'Airtel-Voice-Offer-@-28-Taka', '23d8e528a0e55465f5b9d41cbcc0553f.png'),
(24, 'Cashback on Recharge', 4, '<p>Terms and condition\r\n\r\nEligible customers will be able to take the offer only once during the campaign period\r\nOnly the customers who have MyGP app installed but didn\'t log in to their MyGP app in last 30 days are eligible for this offer\r\nOffer can be availed only from the number customer has used to log in to their MyGP app\r\nIf customer tries once, and doesn\'t complete payment he/ she has to wait 30-60 min to avail the offer\r\nOffer will not be applicable for payment through Rocket, Nexus and IBBL\r\nThis offer is applicable upon recharge only from MyGP. Recharge from any other online channels or physical retail outlets is not applicable.\r\nOffer is applicable for all GP customers except Skitto\r\nTransactions that are eligible for Visa/Amex card save campaign will not be eligible for any of the above-mentioned cashback campaign\r\nMyGP Customers can enjoy this discount offer upon recharging through any payment method available at SSLcommerz (Debit/Credit Card, bkash etc.)\r\nThis cashback is powered by SSLcommerz\r\nNo auto renew feature is applicable\r\nDuring pack purchase, for \'Payment through bKash or cards\' any prior subscription fee or emergency balance usage will be deducted from the amount recharged for pack or offer purchase. In that case pack or Offer that you have selected may not be activated.\r\nThis offer is not applicable for foreign bank issuer cards</p>', '2022-10-20 00:48:14', '2022-10-20 00:52:39', 0, 'Cashback-on-Recharge', '79dafa8894dc63d058fe6f997c629430.jpg'),
(26, 'BTRC draft rules on OTT: Govt given indemnity for its actions', 1, 'The final draft was submitted yesterday before the High Court, through its lawyer Khandaker Reza-E-Raquib, in compliance with a directive the court issued on June 13.\nThis includes telecom service providers, network service providers, internet service providers, social media firms, web hosting services, search engines, online payment sites, and online markets.\nThe final draft empowers the government to issue take-down orders to individuals or entities, within or outside of Bangladesh.\nIf the order is not complied with, Bangladesh Telecommunication Regulatory Commission (BTRC) could order access to the content be blocked.\nThe draft regulation did not define \"in good faith\".', '2022-10-20 05:10:55', NULL, 1, 'https://www.thedailystar.net/news/bangladesh/news/btrc-draft-rules-ott-govt-given-indemnity-its-actions-3147256', 'httpsimages.thedailystar.netsitesdefaultfilesstylessocial_sharepublicimages20220308ott_platform_bangladesh.jpg'),
(27, '5 robbers arrested with gold looted from teacher’s house in Jashore', 1, '5 robbers arrested with gold looted from teacher’s house in JashoreDetective Branch of Police yesterday (October 19, 2022) in separate drives arrested five robbers in connection with the robbery that happened at the house of Dormutia Government Primary School\'s Headmaster Pabitra Kumar Goldar from different areas in Jashore.\nFour are members of an inter-district gang of robbers, said OC.\nLater, on their information, Sumon Chakrabarty, the owner of Sundari Jewellers, was arrested in a raid at Swarnapatti area in Manirampur upazila.\nPolice also seized seven bhori gold, seven bhori silver ornaments and Tk 33,500 in his possession, the OC said.\nOn July 1, a group of robbers looted money along with nine bhori gold ornaments by cutting the grill of the window at the house of Headmaster Pabitra Kumar Goldar.', '2022-10-20 05:11:16', NULL, 1, 'https://www.thedailystar.net/news/bangladesh/crime-justice/news/5-robbers-arrested-gold-looted-teachers-house-jashore-3147316', 'httpsimages.thedailystar.netsitesdefaultfilesstylessocial_sharepublicimages20221020312341526_10223028790451566_7877097851196342377_n.jpg'),
(28, 'Shakib reclaims top spot in ICC T20I rankings for all-rounders', 1, 'Bangladesh skipper Shakib Al Hasan has reclaimed the top spot among all-rounders in the latest ICC T20I rankings released on Wednesday, October 19.\nThe veteran all-rounder was in excellent form in the recently concluded tri-series in New Zealand.\nShakib struck two back-to-back half-centuries in Bangladesh\'s last two fixtures before the Bangla Tigers landed in Australia for the ICC T20 World Cup 2022.\nJJ Smit and Sikandar Raza also made significant jumps after a brilliant start to their T20 World Cup campaigns.\nNamibia\'s Smit has moved up to fourth place, while Zimbabwean all-rounder Raza finds himself in seventh place.', '2022-10-20 05:11:34', NULL, 1, 'https://www.daily-sun.com/./post/651208/Shakib-reclaims-top-spot-in-ICC-T20I-rankings-for-allrounders', 'httpswww.daily-sun.comassetsnews_images20221019Shakib-ds-1.jpg'),
(29, 'Rohingya repatriation: Dhaka may seek updates on Beijing\'s efforts', 1, 'Bangladesh is likely to seek an update from the Chinese side on Thursday regarding its efforts to find ways for repatriation of the Rohingya refugees to Myanmar.\nOn October 13, the Chinese envoy said the key to the Rohingya issue is building confidence between the stakeholders, not the unilateral efforts from a certain country.\nHe said China has been working on Bangladesh and Myanmar to help to resolve the Rohingya issue through talks because both Bangladesh and Myanmar are China\'s friendly neighbors.\nThus, he said, the Chinese side hopes Bangladesh and Myanmar could work in the same direction so that the repatriation could start at an early date.\n“They made a commitment to create a condition for a safe and dignified return,” he said, but the saddest thing is that not a single Rohingya could return.', '2022-10-20 05:11:39', NULL, 1, 'https://www.daily-sun.com/./post/651207/Rohingya-repatriation:-Dhaka-may-seek-updates-on-Beijings-efforts', 'httpswww.daily-sun.comassetsnews_images20221019Rohingya-ds-1.jpg'),
(30, 'Under-pressure Putin \'doubles down\' with security decree', 1, 'In those regions close to the border with Ukraine, such as Belgorod, Bryansk, Krasnodar and Rostov regions, as well as in annexed Crimea, a \"medium level of response\" has been declared.\nMeasures include boosting security and public order: the decree also envisages restrictions on the movement of traffic, as well as on entry into and exit from these regions.', '2022-10-20 05:11:56', NULL, 1, 'https://www.bbc.com/news/world-europe-63319100', 'httpsichef.bbci.co.uknews1024branded_newsE048production_127261475_mediaitem127261471.jpg'),
(31, 'Bond star Daniel Craig receives same medal as 007', 0, 'James Bond actor Daniel Craig on Tuesday received the same honour held by his fictional character, as he is set to retire from the role.\nThe actor received the honour for his outstanding contribution to film and theatre.\n\"We\'ve been expecting you\", the royal family\'s official Twitter account captioned its photograph, quoting a line famously used by a Bond villain.\nJames Bond was said to have received the honour in his obituary in \"You Only Live Twice,\" Ian Fleming Publications tweeted.\nIt was not the first time Craig reprised his Bond role with the royal family in on the joke.', '2022-10-20 07:09:48', '2022-10-20 10:01:31', 0, 'https://www.daily-sun.com/post/651134/Bond-star-Daniel-Craig-receives-same-medal-as-007', 'httpswww.daily-sun.comassetsnews_images20221019bonv.jpg'),
(32, 'Money laundering: Samrat\'s bail extended till Nov 8', 1, 'Judge Al Asad Md Asifuzzaman of the Special Judge\'s Court-6 passed the order after Samrat\'s lawyer Afroza Shahanaz Parvin Hira submitted an application seeking extension of bail in the case.\nThe lawyer filed another petition, seeking return of Samrat\'s passport which was submitted during the time of furnishing bail bond on August 22 this year.\nOn August 22, the same court granted ad-interim bail to Samrat considering his health condition.\nIn the order, the judge said Samrat will have to submit his passport to the court while furnishing his bail bond.\nSamrat walked out of jail following the bail order.', '2022-10-20 07:09:56', NULL, 1, 'https://www.thedailystar.net/news/bangladesh/crime-justice/news/money-laundering-samrats-bail-extended-till-nov-8-3147591', 'httpsimages.thedailystar.netsitesdefaultfilesstylessocial_sharepublicimages20221020samrat_10_0.jpg'),
(33, 'Dhaka-Mymensingh train communication snapped as crane overturns on track', 1, 'Dhaka-Mymensingh rail communication was suspended this morning (October 20, 2022) after a crane overturned on the rail track near Satkhamair Railway Station in Sreepur upazila of Gazipur.\nThe incident took place around 9am today, reports our local correspondent quoting Md Harun-or-Rashid, station master of Sreepur Railway Station.\nEyewitnesses and the station master said that sleeper installation work was ongoing at the place of the incident.\nThe crane was unloading railway sleepers from the truck when it tipped over and fell on the railroad track.\nA rescue train was on the way to move the crane from the rail line, the station master said around 11am, time of filing of the report.', '2022-10-20 07:10:13', NULL, 1, 'https://www.thedailystar.net/news/bangladesh/transport/news/dhaka-mymensingh-train-communication-snapped-crane-overturns-track-3147581', 'httpsimages.thedailystar.netsitesdefaultfilesstylessocial_sharepublicimages20221020311359732_10218271923584468_4263921579610810480_n.jpg'),
(34, 'Speaker Dr Shirin tests positive for Covid-19', 1, 'Russia, Iran defiant as West presses sanctions over drones in Ukraine', '2022-10-20 07:10:30', NULL, 1, 'https://www.daily-sun.com/./post/651231/Speaker-Dr-Shirin-tests-positive-for-Covid19', 'httpswww.daily-sun.comassetsnews_images20221019Speaker_Shirin-ds.jpg'),
(35, 'Shakib reclaims top spot in ICC T20I rankings for all-rounders', 1, 'Bangladesh skipper Shakib Al Hasan has reclaimed the top spot among all-rounders in the latest ICC T20I rankings released on Wednesday, October 19.\nThe veteran all-rounder was in excellent form in the recently concluded tri-series in New Zealand.\nShakib struck two back-to-back half-centuries in Bangladesh\'s last two fixtures before the Bangla Tigers landed in Australia for the ICC T20 World Cup 2022.\nJJ Smit and Sikandar Raza also made significant jumps after a brilliant start to their T20 World Cup campaigns.\nNamibia\'s Smit has moved up to fourth place, while Zimbabwean all-rounder Raza finds himself in seventh place.', '2022-10-20 07:10:36', NULL, 1, 'https://www.daily-sun.com/./post/651208/Shakib-reclaims-top-spot-in-ICC-T20I-rankings-for-allrounders', 'httpswww.daily-sun.comassetsnews_images20221019Shakib-ds-1.jpg'),
(36, 'Under-pressure Putin \'doubles down\' with security decree', 1, 'In those regions close to the border with Ukraine, such as Belgorod, Bryansk, Krasnodar and Rostov regions, as well as in annexed Crimea, a \"medium level of response\" has been declared.\nMeasures include boosting security and public order: the decree also envisages restrictions on the movement of traffic, as well as on entry into and exit from these regions.', '2022-10-20 07:10:52', NULL, 1, 'https://www.bbc.com/news/world-europe-63319100', 'httpsichef.bbci.co.uknews1024branded_newsE048production_127261475_mediaitem127261471.jpg'),
(37, 'Trump questioned under oath over rape accuser\'s defamation case', 1, 'She said she was helping him pick out a gift and the two of them ended up in a dressing room, where she alleges that he raped her.\nShe says she was 52 and he was around 50, and Mr Trump was married to Marla Maples.', '2022-10-20 07:11:08', NULL, 1, 'https://www.bbc.com/news/world-us-canada-63323635', 'httpsichef.bbci.co.uknews1024branded_news0EC0production_127267730_gettyimages-1180045462.jpg'),
(38, 'Nusraat Faria returns for ‘Bibaho Obhijaan 2’', 3, 'Popular actress Nusraat Faria enjoys a huge fan base in Kolkata, and her movie \"Bibaho Obhijaan\" (2019) became a hit for its comic and quirky take on love and marriage.\nThis time the production company Sri Venkatesh Films has taken the initiative to make \'Bivaha Abhiyan-2\'.\nNusraat Faria said, \"The shooting of the movie was postponed twice and finally the shooting date has been finalised.\n\"Bibaho Obhijaan 2\" also stars Ankush Hazra, Anirban Bhattacharya, Rudranil Ghosh, Sohini Sarkar, and Priyanka Sarkar in pivotal roles.\nNusraat Faria starrer \"Mujib: The Making of a Nation,\" \"Patalghor\", and Kolkata movie \"Rockstar\", are also awaiting release.', '2022-10-20 07:11:42', NULL, 1, 'https://www.thedailystar.net/entertainment/tv-film/news/nusraat-faria-returns-bibaho-obhijaan-2-3147636', 'httpsimages.thedailystar.netsitesdefaultfilesstylessocial_sharepublicimages20221020nusraat_feature.jpg'),
(39, 'Phone Bhoot: Katrina Kaif aces double role avatar in ‘Kaali Teri Gutt’', 3, 'While the audience, especially the music buffs are still grooving to the quirky and fun beats of the \'Kinna Sona\' song from \'Phone Bhoot\' featuring the World\'s most beautiful ghost Katrina Kaif and two ghostbusters including Siddhant Chaturvedi and Ishaan, the makers have launched yet another peppy, dance number \'Kaali Teri Gutt\' from the comedy of horrors.\nVideo of Kaali Teri Gutt - Phone Bhoot | Katrina Kaif, Ishaan, Siddhant C | Romy, Sakshi Holkar, Roy, KumaarTouted to be one of the eagerly awaited songs of the year, \'Kaali Teri Gutt\', composed by Roy and sung by Romy and Sakshi Holkar, is a recreated version of a popular old folk Punjabi song, featuring Katrina in a double role on the big screen for the first time.\nThe quirky, humorous trailer is a testament that the film is surely going to be the best comedy of horrors that the audience will witness in cinemas this year.\nDirected by Gurmmeet Singh and written by Ravi Shankaran and Jasvinder Singh Bath, \'Phone Bhoot\' is produced by Excel Entertainment, headed by Ritesh Sidhwani and Farhan Akhtar.\nThe film is all set to be released on 4th November 2022.', '2022-10-20 07:12:06', NULL, 1, 'https://www.thedailystar.net/entertainment/tv-film/news/phone-bhoot-katrina-kaif-aces-double-role-avatar-kaali-teri-gutt-3147596', 'httpsimages.thedailystar.netsitesdefaultfilesstylessocial_sharepublicimages20221020new_project_69_0.jpg'),
(40, 'Chandan Sinha: singer of the decade', 3, 'Choice by audience vote apparently an \'non performing singer\' Chandan Sinha won the crown of the Singer of the Decade.\nVery choosy for content, Chandan Sinha perform occasionally by choice not by any compulsion.\nAt young age Chandan Sinha flew from home to Mumbai ( then Bombay) to build his career as playback singer and failed , then he back home.\nMamun- a talent hunter- use the voice of Chandan Sinha for first tv serial in Bangladesh Television, BTV, Shirsho Bindu.\nWish, this might bring new crown for Chandan Sinha - the Singer of the Decade.', '2022-10-20 07:12:23', NULL, 1, 'https://www.daily-sun.com/./post/651313/Chandan-Sinha:-singer-of-the-decade', 'httpswww.daily-sun.comassetsnews_images20221020singer.jpg'),
(41, 'Rezwana Choudhury Bannya receives Lifetime Achievement Award', 3, 'Prominent singer Rezwana Choudhury Bannya has received the Lifetime Achievement Award at Oikko-Channel i Music Awards 2022.\nThe award ceremony was held at Sheikh Russel Cantonment on the western side of the Padma Bridge on Tuesday night.\nBesides Rezwana Choudhury Bannya, 24 artistes and one orgranisation received the awards in 14 categories.\nComplete list of Oikko-Channel i Music Awards 2022Lifetime Achievement Award: Rezwana Choudhury BannyaModern song -- Best singer: Fahmida Nabi, Best Composer: Kishore, Best Lyricist: Asif Iqbal.\nFilm song-- Best singer: Imran Mahmudul, Best Composer: Emon Chowdhury and Best Lyricist: Mir Sabbir.', '2022-10-20 07:12:29', NULL, 1, 'https://www.daily-sun.com/./post/651205/Rezwana-Choudhury-Bannya-receives-Lifetime-Achievement-Award', 'httpswww.daily-sun.comassetsnews_images20221019Oikko-Channel_i_Music_Awards_.JPG'),
(42, 'Alan Garner: The magical master of British literature', 3, 'Ritual sacrifices, demons of the past reawakening and the unspoiled countryside hiding dark secrets are all signifiers of folk horror.\nA folk horror renaissanceThe term \"folk horror\" is a relatively recent one; while it was used by journalist Rod Cooper in 1970 in his review of The Blood on Satan\'s Claw, it was popularised by Mark Gatiss in his 2010 BBC Four series, A History of Horror.\nMuch like Garner\'s writing, folk horror is rather difficult to characterise.\nAs Roger Luckhurst writes in his 2021 book, Gothic, \"[folk horror] has proven to have very flexible boundaries, incorporating music and half-remembered children\'s television shows as easily as films and horror novels.\"\nAnd, while they encompass the most well-known early examples of the genre, The Owl Service predates all three.', '2022-10-20 07:12:47', NULL, 1, 'https://www.bbc.com/culture/article/20221013-alan-garner-the-magical-master-of-british-literature', 'httpsychef.files.bbci.co.uklive624x351p0d6rgpj.jpg'),
(43, 'Alan Garner: The magical master of British literature', 3, 'Ritual sacrifices, demons of the past reawakening and the unspoiled countryside hiding dark secrets are all signifiers of folk horror.\nA folk horror renaissanceThe term \"folk horror\" is a relatively recent one; while it was used by journalist Rod Cooper in 1970 in his review of The Blood on Satan\'s Claw, it was popularised by Mark Gatiss in his 2010 BBC Four series, A History of Horror.\nMuch like Garner\'s writing, folk horror is rather difficult to characterise.\nAs Roger Luckhurst writes in his 2021 book, Gothic, \"[folk horror] has proven to have very flexible boundaries, incorporating music and half-remembered children\'s television shows as easily as films and horror novels.\"\nAnd, while they encompass the most well-known early examples of the genre, The Owl Service predates all three.', '2022-10-20 07:13:03', NULL, 1, 'https://www.bbc.com/culture/article/20221013-alan-garner-the-magical-master-of-british-literature', 'httpsychef.files.bbci.co.uklive624x351p0d6rgpj.jpg'),
(67, 'Cristiano Ronaldo: Man Utd boss Erik ten Hag will \'deal with\' forward over exit down tunnel', 2, 'Ronaldo, 37, left in the 89th minute, shortly after Ten Hag brought on Christian Eriksen and Anthony Elanga.\nDespite United having only made three of their five permitted substitutions in Wednesday\'s 2-0 home win, Ronaldo decided to leave the bench early and disappeared down the Old Trafford tunnel.\nEx-Wales captain Williams added: \"It was a great night for Manchester United and here we are again talking about Cristiano Ronaldo - even though he didn\'t play.\"\n\'Disrespectful\' & \'sums his attitude up\' - your thoughts on Ronaldo\'s early exitEd: Disrespectful of Ronaldo to walk down the tunnel early rather than waiting to congratulate his team-mates on the pitch.\nManny: Ronaldo walking down the tunnel instead of staying to celebrate the win with his team-mates pretty much sums his attitude up.', '2022-10-20 07:44:28', NULL, 1, 'https://www.bbc.com/sport/football/63323645', 'httpsichef.bbci.co.uklive-experiencecps624cpsprodpbAF42production_127266844_gettyimages-1244083471.jpg'),
(68, 'Man Utd too good for Tottenham, Liverpool revival rolls on', 0, '\"We had some more really good performances like Liverpool and Arsenal but this was the game from start to the end we were really good,\" said Ten Hag.\nThe Red Devils had 28 shots on goal against a Tottenham side that been beaten only once in their opening 10 league games of the season.\nNunez powered Kostas Tsimikas\' cross into the far corner for the game\'s only goal on 22 minutes.\nAlisson was needed once more to deny Tomas Soucek from point-blank range late on as Liverpool held out.\nThe Saints\' first win in six lifts them up to 14th, but still only two points clear of the bottom three.', '2022-10-20 08:01:50', '2022-10-20 09:39:19', 0, 'https://www.daily-sun.com/post/651316/Man-Utd-too-good-for-Tottenham-Liverpool-revival-rolls-on', 'httpswww.daily-sun.comassetsnews_images20221020man.jpg'),
(69, 'Man Utd too good for Tottenham, Liverpool revival rolls on', 0, '\"We had some more really good performances like Liverpool and Arsenal but this was the game from start to the end we were really good,\" said Ten Hag.\nThe Red Devils had 28 shots on goal against a Tottenham side that been beaten only once in their opening 10 league games of the season.\nNunez powered Kostas Tsimikas\' cross into the far corner for the game\'s only goal on 22 minutes.\nAlisson was needed once more to deny Tomas Soucek from point-blank range late on as Liverpool held out.\nThe Saints\' first win in six lifts them up to 14th, but still only two points clear of the bottom three.', '2022-10-20 08:04:51', NULL, 1, 'https://www.daily-sun.com/post/651316/Man-Utd-too-good-for-Tottenham-Liverpool-revival-rolls-on', 'httpswww.daily-sun.comassetsnews_images20221020man.jpg'),
(70, 'Speaker Dr Shirin urges journos for improving Bangladesh-India ties', 1, 'Jatiya Sangsad Speaker Dr Shirin Sharmin Chaudhury has called upon journalists of Bangladesh and India to play a constructive role in improving Bangladesh-India relationship.\nDr Shirin Sharmin Chaudhury was addressing the inaugural of a seminar titled \"Role of Bangladesh-India Relations: Challenges and Prospects\" organised by the National Press Club at its auditorium today.\nThe two countries signed a number of agreements and MoUs on social, economic, maritime and environmental cooperation, Shirin Sharmin said.\nThough the two countries addressed many problems, some issues like water sharing are still not progressing much.\nBangladesh faces immense problems due to flooding that the upper riparian countries India, Nepal or Bhutan do not face, he said.', '2022-10-20 08:05:06', NULL, 1, 'https://www.thedailystar.net/news/bangladesh/news/speaker-dr-shirin-sharmin-urges-journos-improving-bangladesh-india-relationship-3147656', 'httpsimages.thedailystar.netsitesdefaultfilesstylessocial_sharepublicimages202210201666251596-unb_newswire.jpg'),
(71, 'DMP commissioner Shafiqul Islam to retire Oct 30', 1, 'Dhaka Metropolitan Police (DMP) Commissioner Md Shafiqul Islam is going to retire from government services on October 30, 2022.\nA notification of the Public Security Division of the Ministry of Home Affairs issued today (October 20, 2022) confirmed the matter.\nAccording to the notification, post-retirement leave from October 30, 2022 to October 29, 2023 has been granted in favour of retired Commissioner of Police (Additional IGP, Grade-1) Md Shafiqul Islam by notification dated 28 October 2021 of the Ministry of Public Administration.\nHe will also be entitled to retirement and post-retirement leave benefits as per the rules, the notification said.\nMd Shafiqul Islam took over as the Commissioner of Dhaka Metropolitan Police on September 7, 2019.', '2022-10-20 08:05:33', NULL, 1, 'https://www.thedailystar.net/news/bangladesh/news/dmp-commissioner-shafiqul-islam-retire-oct-30-3147646', 'httpsimages.thedailystar.netsitesdefaultfilesstylessocial_sharepublicimages20221020dmp_chief_4.jpg'),
(72, 'Ghorashal Power Station’s unit-5 resumes operation after 2 weeks of grid failure', 1, 'After two weeks of remaining out of order, the 210 MW capacity unit-5 of Ghorashal Power Station has resumed operation.\nExcept unit-5, almost all other units of the power station resumed operation the same day.\nAs a result, Dhaka city and adjoining areas were getting relatively less power supply from Ghorashal.\nPower generation resumption from unit-5 will help improve the electricity supply situation in Dhaka and surrounding areas, said another BPDB official.\nDhaka city and adjoining areas are still experiencing frequent load shedding due to a huge gap between power supply and demand.', '2022-10-20 08:05:50', NULL, 1, 'https://www.daily-sun.com/./post/651333/Ghorashal-Power-Station’s-unit5-resumes-operation-after-2-weeks-of-grid-failure', 'httpswww.daily-sun.comassetsnews_images20221020power.jpg'),
(73, 'Train services on Dhaka-Mymensingh route suspended', 1, 'Train services on the Dhaka-Mymensingh route have been suspended since Thursday morning, with a crane overturning on the railway track in the Satkhamair area of Gazipur\'s Sreepur upazila.\nHarun-or-Rashid, station master of Sreepur Railway Station, said the crane was brought to Sreepur for carrying out repairs of the railway track in the morning.\n\"Mymensingh-bound ‘Teesta Express’ and a Dhaka-bound commuter train are currently stranded at Sreepur railway station and Kawraide point, respectively,\" he said.\n“Efforts are on to remove the crane from the railway track soon,” he added.', '2022-10-20 08:05:56', NULL, 1, 'https://www.daily-sun.com/./post/651327/Train-services-on-DhakaMymensingh-route-suspended', 'httpswww.daily-sun.comassetsnews_images2022102021HcPeSxnMMGrAm65R0Prr2kHzZRfJh9JJfKGTSr.jpg'),
(74, 'Under-pressure Putin \'doubles down\' with security decree', 1, 'In those regions close to the border with Ukraine, such as Belgorod, Bryansk, Krasnodar and Rostov regions, as well as in annexed Crimea, a \"medium level of response\" has been declared.\nMeasures include boosting security and public order: the decree also envisages restrictions on the movement of traffic, as well as on entry into and exit from these regions.', '2022-10-20 08:06:12', NULL, 1, 'https://www.bbc.com/news/world-europe-63319100', 'httpsichef.bbci.co.uknews1024branded_newsE048production_127261475_mediaitem127261471.jpg');
INSERT INTO `tblposts` (`id`, `PostTitle`, `CategoryId`, `PostDetails`, `PostingDate`, `UpdationDate`, `Is_Active`, `PostUrl`, `PostImage`) VALUES
(75, 'Indonesia bans all syrup medicines after death of 99 children', 1, '\"Some syrups that were used by AKI child patients under five were proven to contain ethylene glycol and diethylene glycol that were not supposed to be there, or of very little amount,\" said Budi Gunadi Sadikin.', '2022-10-20 08:06:28', NULL, 1, 'https://www.bbc.com/news/world-asia-63324653', 'httpsichef.bbci.co.uknews1024branded_news15A7Fproduction_127030788_gettyimages-129376208.jpg'),
(76, 'Nusraat Faria returns for ‘Bibaho Obhijaan 2’', 3, 'Popular actress Nusraat Faria enjoys a huge fan base in Kolkata, and her movie \"Bibaho Obhijaan\" (2019) became a hit for its comic and quirky take on love and marriage.\nThis time the production company Sri Venkatesh Films has taken the initiative to make \'Bivaha Abhiyan-2\'.\nNusraat Faria said, \"The shooting of the movie was postponed twice and finally the shooting date has been finalised.\n\"Bibaho Obhijaan 2\" also stars Ankush Hazra, Anirban Bhattacharya, Rudranil Ghosh, Sohini Sarkar, and Priyanka Sarkar in pivotal roles.\nNusraat Faria starrer \"Mujib: The Making of a Nation,\" \"Patalghor\", and Kolkata movie \"Rockstar\", are also awaiting release.', '2022-10-20 08:06:46', NULL, 1, 'https://www.thedailystar.net/entertainment/tv-film/news/nusraat-faria-returns-bibaho-obhijaan-2-3147636', 'httpsimages.thedailystar.netsitesdefaultfilesstylessocial_sharepublicimages20221020nusraat_feature.jpg'),
(77, 'Phone Bhoot: Katrina Kaif aces double role avatar in ‘Kaali Teri Gutt’', 3, 'While the audience, especially the music buffs are still grooving to the quirky and fun beats of the \'Kinna Sona\' song from \'Phone Bhoot\' featuring the World\'s most beautiful ghost Katrina Kaif and two ghostbusters including Siddhant Chaturvedi and Ishaan, the makers have launched yet another peppy, dance number \'Kaali Teri Gutt\' from the comedy of horrors.\nVideo of Kaali Teri Gutt - Phone Bhoot | Katrina Kaif, Ishaan, Siddhant C | Romy, Sakshi Holkar, Roy, KumaarTouted to be one of the eagerly awaited songs of the year, \'Kaali Teri Gutt\', composed by Roy and sung by Romy and Sakshi Holkar, is a recreated version of a popular old folk Punjabi song, featuring Katrina in a double role on the big screen for the first time.\nThe quirky, humorous trailer is a testament that the film is surely going to be the best comedy of horrors that the audience will witness in cinemas this year.\nDirected by Gurmmeet Singh and written by Ravi Shankaran and Jasvinder Singh Bath, \'Phone Bhoot\' is produced by Excel Entertainment, headed by Ritesh Sidhwani and Farhan Akhtar.\nThe film is all set to be released on 4th November 2022.', '2022-10-20 08:07:03', NULL, 1, 'https://www.thedailystar.net/entertainment/tv-film/news/phone-bhoot-katrina-kaif-aces-double-role-avatar-kaali-teri-gutt-3147596', 'httpsimages.thedailystar.netsitesdefaultfilesstylessocial_sharepublicimages20221020new_project_69_0.jpg'),
(78, 'Chandan Sinha: singer of the decade', 3, 'Choice by audience vote apparently an \'non performing singer\' Chandan Sinha won the crown of the Singer of the Decade.\nVery choosy for content, Chandan Sinha perform occasionally by choice not by any compulsion.\nAt young age Chandan Sinha flew from home to Mumbai ( then Bombay) to build his career as playback singer and failed , then he back home.\nMamun- a talent hunter- use the voice of Chandan Sinha for first tv serial in Bangladesh Television, BTV, Shirsho Bindu.\nWish, this might bring new crown for Chandan Sinha - the Singer of the Decade.', '2022-10-20 08:07:20', NULL, 1, 'https://www.daily-sun.com/./post/651313/Chandan-Sinha:-singer-of-the-decade', 'httpswww.daily-sun.comassetsnews_images20221020singer.jpg'),
(79, 'Rezwana Choudhury Bannya receives Lifetime Achievement Award', 3, 'Prominent singer Rezwana Choudhury Bannya has received the Lifetime Achievement Award at Oikko-Channel i Music Awards 2022.\nThe award ceremony was held at Sheikh Russel Cantonment on the western side of the Padma Bridge on Tuesday night.\nBesides Rezwana Choudhury Bannya, 24 artistes and one orgranisation received the awards in 14 categories.\nComplete list of Oikko-Channel i Music Awards 2022Lifetime Achievement Award: Rezwana Choudhury BannyaModern song -- Best singer: Fahmida Nabi, Best Composer: Kishore, Best Lyricist: Asif Iqbal.\nFilm song-- Best singer: Imran Mahmudul, Best Composer: Emon Chowdhury and Best Lyricist: Mir Sabbir.', '2022-10-20 08:07:25', NULL, 1, 'https://www.daily-sun.com/./post/651205/Rezwana-Choudhury-Bannya-receives-Lifetime-Achievement-Award', 'httpswww.daily-sun.comassetsnews_images20221019Oikko-Channel_i_Music_Awards_.JPG'),
(80, 'Alan Garner: The magical master of British literature', 3, 'Ritual sacrifices, demons of the past reawakening and the unspoiled countryside hiding dark secrets are all signifiers of folk horror.\nA folk horror renaissanceThe term \"folk horror\" is a relatively recent one; while it was used by journalist Rod Cooper in 1970 in his review of The Blood on Satan\'s Claw, it was popularised by Mark Gatiss in his 2010 BBC Four series, A History of Horror.\nMuch like Garner\'s writing, folk horror is rather difficult to characterise.\nAs Roger Luckhurst writes in his 2021 book, Gothic, \"[folk horror] has proven to have very flexible boundaries, incorporating music and half-remembered children\'s television shows as easily as films and horror novels.\"\nAnd, while they encompass the most well-known early examples of the genre, The Owl Service predates all three.', '2022-10-20 08:07:42', NULL, 1, 'https://www.bbc.com/culture/article/20221013-alan-garner-the-magical-master-of-british-literature', 'httpsychef.files.bbci.co.uklive624x351p0d6rgpj.jpg'),
(81, 'Alan Garner: The magical master of British literature', 3, 'Ritual sacrifices, demons of the past reawakening and the unspoiled countryside hiding dark secrets are all signifiers of folk horror.\nA folk horror renaissanceThe term \"folk horror\" is a relatively recent one; while it was used by journalist Rod Cooper in 1970 in his review of The Blood on Satan\'s Claw, it was popularised by Mark Gatiss in his 2010 BBC Four series, A History of Horror.\nMuch like Garner\'s writing, folk horror is rather difficult to characterise.\nAs Roger Luckhurst writes in his 2021 book, Gothic, \"[folk horror] has proven to have very flexible boundaries, incorporating music and half-remembered children\'s television shows as easily as films and horror novels.\"\nAnd, while they encompass the most well-known early examples of the genre, The Owl Service predates all three.', '2022-10-20 08:07:59', NULL, 1, 'https://www.bbc.com/culture/article/20221013-alan-garner-the-magical-master-of-british-literature', 'httpsychef.files.bbci.co.uklive624x351p0d6rgpj.jpg'),
(82, 'Mills replaces injured Topley', 2, 'Scans confirmed significant ligament damage and the giant left-arm seamer was withdrawn from the squad, with fellow left-armer Tymal Mills promoted from his previous status as travelling reserve.\nA statement from the International Cricket Council (ICC) on Wednesday confirmed that Mills had been drafted into the squad.\nTopley has overcome multiple stress fractures in his back in recent years to become a key player in England\'s white-ball sides.\nSri Lankan bowler Kasun Rajitha has replaced the injured Dushmantha Chameera while all-rounder Danushka Gunathilaka will be replaced by travelling reserve Ashen Bandara, who is a batsman.\nIn the United Arab Emirates squad, travelling reserve Fahad Nawaz has replaced Zawar Farid.', '2022-10-20 08:08:26', NULL, 1, 'https://www.thedailystar.net/sports/sports-special/t20-world-cup-2022/news/mills-replaces-injured-topley-3147546', 'httpsimages.thedailystar.netsitesdefaultfilesstylessocial_sharepublicimages20221020reece_topley.jpg'),
(83, 'Prosecutors appeal Blatter, Platini acquittal in FIFA fraud trial', 2, 'Swiss prosecutors said Thursday that they had filed an appeal against the acquittal of former football chiefs Sepp Blatter and Michel Platini over a suspected fraudulent payment.\nBlatter and Platini, once the chiefs of world and European football respectively, were cleared on July 8 by the Federal Criminal Court in a trial following a mammoth investigation that began in 2015.\nThe Federal Criminal Court rejected the prosecution\'s request for a suspended prison sentence of a year and eight months.\nBlatter told the court the pair had actually struck a \"gentleman\'s agreement\" for Platini to be paid a million Swiss francs a year.\nBlatter was accused of misappropriation and criminal mismanagement, while Platini was accused of participating in those offences.', '2022-10-20 08:08:43', NULL, 1, 'https://www.thedailystar.net/sports/football/news/prosecutors-appeal-blatter-platini-acquittal-fifa-fraud-trial-3147616', 'httpsimages.thedailystar.netsitesdefaultfilesstylessocial_sharepublicimages20220413blatter_platini.jpg'),
(84, 'Mendis fires Sri Lanka past Netherlands into T20 World Cup Super 12', 2, 'Opener Kusal Mendis slammed a 44-ball 79 as Asian champions Sri Lanka beat the Netherlands by 16 runs to sweep into the Super 12 stage of the Twenty20 World Cup on Thursday.\nA win for the African side will knock out the Dutch and send them through, as they already have a superior net run rate.\nIt is the third successive time Sri Lanka have reached the Super 12 and they will be hoping to repeat their heroics from 2014, when Dinesh Chandimal skippered them to the title.\nAfter winning the toss and choosing to bat, Sri Lanka started slowly with Pathum Nissanka and Mendis plodding to just 22 off the first five overs.\nCharith Asalanka and Mendis knuckled down in a 60-run stand to step up the run rate before Asalanka was caught behind off all-rounder Bas de Leede for 31.', '2022-10-20 08:08:59', NULL, 1, 'https://www.daily-sun.com/./post/651334/Mendis-fires-Sri-Lanka-past-Netherlands-into-T20-World-Cup-Super-12', 'httpswww.daily-sun.comassetsnews_images20221020lanka.jpg'),
(85, '\'Positives\' for Potter as Chelsea held by Brentford', 2, 'Graham Potter defended his decision to rest Pierre-Emerick Aubameyang as Chelsea\'s five-match winning run came to an end in a 0-0 draw at Brentford on Wednesday.\nAubameyang was finally sent on with nine minutes remaining and although he had little chance to make an impact, Potter was happy with his decision.\nWe pushed and pushed at the end but they make it hard for you.\nBrentford threatened early on when Ivan Toney had a header from Mads Roerslev\'s cross tipped over the crossbar by Kepa Arrizabalaga.\nIt was Brentford who were closest to snatching all three points when Henry\'s shot crashed into the side-netting.', '2022-10-20 08:09:06', NULL, 1, 'https://www.daily-sun.com/./post/651323/Positives-for-Potter-as-Chelsea-held-by-Brentford', 'httpswww.daily-sun.comassetsnews_images20221020chelsea.jpg'),
(86, 'Liam Hampson: Australian rugby league player found dead in Spanish club', 2, 'Relatives had asked for help in searching for him, after he was not seen for more than 24 hours.', '2022-10-20 08:09:22', NULL, 1, 'https://www.bbc.com/news/world-australia-63309714', 'httpsichef.bbci.co.uknews1024branded_newsECA0production_127267506_liam.jpg'),
(87, 'Cristiano Ronaldo: Man Utd boss Erik ten Hag will \'deal with\' forward over exit down tunnel', 2, 'Ronaldo, 37, left in the 89th minute, shortly after Ten Hag brought on Christian Eriksen and Anthony Elanga.\nEx-Wales captain Williams added: \"It was a great night for Manchester United and here we are again talking about Cristiano Ronaldo - even though he didn\'t play.\"\nSpeaking to BBC Radio 5 Live, former Manchester United goalkeeper Peter Schmeichel said Ronaldo would have been aware such behaviour would create \"headlines\".\nManchester United are now five managers down the road since Alex Ferguson,\" he added.\n\'Disrespectful\' & \'sums his attitude up\' - your thoughts on Ronaldo\'s early exitEd: Disrespectful of Ronaldo to walk down the tunnel early rather than waiting to congratulate his team-mates on the pitch.', '2022-10-20 08:09:39', NULL, 1, 'https://www.bbc.com/sport/football/63323645', 'httpsichef.bbci.co.uklive-experiencecps624cpsprodpbAF42production_127266844_gettyimages-1244083471.jpg'),
(88, 'Sports On MyGP', 4, '<p style=\"padding: 0px 0px 24px; color: rgb(216, 212, 207); font-family: &quot;Source Sans Pro&quot;, &quot;Helvetica Neue&quot;, Helvetica, Arial, &quot;Noto Sans Bengali&quot;, sans-serif; font-size: 18px;\"><strong>Let’s discover MyGP as the Biggest Digital Sports hub of Bangladesh!!!&nbsp;</strong>You will be able to enjoy all the home and away Cricket and Football matches of Bangladesh and some other international teams as well. Meanwhile European Domestic football tournaments namely English Premier League, Seria A, la liga, Champions League, UEFA Europa League, FA CUP can be enjoyed over MyGP.</p><p style=\"padding: 0px 0px 24px; color: rgb(216, 212, 207); font-family: &quot;Source Sans Pro&quot;, &quot;Helvetica Neue&quot;, Helvetica, Arial, &quot;Noto Sans Bengali&quot;, sans-serif; font-size: 18px;\">ATP world Tour, NBA and last but not the least WWE will be there to ensure the best omni-sports channel experience ever to our customers.</p><p style=\"padding: 0px 0px 24px; color: rgb(216, 212, 207); font-family: &quot;Source Sans Pro&quot;, &quot;Helvetica Neue&quot;, Helvetica, Arial, &quot;Noto Sans Bengali&quot;, sans-serif; font-size: 18px;\">So why are you waiting for? Come and join MyGP family by downloading the app and start enjoying best sports solution of the country.</p>', '2022-10-20 08:34:58', NULL, 1, 'Sports-On-MyGP', '0a94e4bfea580992c82c27e70a34389d.jpg'),
(89, 'Man Utd too good for Tottenham, Liverpool revival rolls on', 2, '\"We had some more really good performances like Liverpool and Arsenal but this was the game from start to the end we were really good,\" said Ten Hag.\nThe Red Devils had 28 shots on goal against a Tottenham side that been beaten only once in their opening 10 league games of the season.\nNunez powered Kostas Tsimikas\' cross into the far corner for the game\'s only goal on 22 minutes.\nAlisson was needed once more to deny Tomas Soucek from point-blank range late on as Liverpool held out.\nThe Saints\' first win in six lifts them up to 14th, but still only two points clear of the bottom three.', '2022-10-20 09:23:16', '2022-10-20 09:26:31', 1, 'https://www.daily-sun.com/post/651316/Man-Utd-too-good-for-Tottenham-Liverpool-revival-rolls-on', 'httpswww.daily-sun.comassetsnews_images20221020man.jpg'),
(90, 'Speaker Dr Shirin urges journos for improving Bangladesh-India ties', 1, 'Jatiya Sangsad Speaker Dr Shirin Sharmin Chaudhury has called upon journalists of Bangladesh and India to play a constructive role in improving Bangladesh-India relationship.\nDr Shirin Sharmin Chaudhury was addressing the inaugural of a seminar titled \"Role of Bangladesh-India Relations: Challenges and Prospects\" organised by the National Press Club at its auditorium today.\nThe two countries signed a number of agreements and MoUs on social, economic, maritime and environmental cooperation, Shirin Sharmin said.\nThough the two countries addressed many problems, some issues like water sharing are still not progressing much.\nBangladesh faces immense problems due to flooding that the upper riparian countries India, Nepal or Bhutan do not face, he said.', '2022-10-20 09:23:36', NULL, 1, 'https://www.thedailystar.net/news/bangladesh/news/speaker-dr-shirin-sharmin-urges-journos-improving-bangladesh-india-relationship-3147656', 'httpsimages.thedailystar.netsitesdefaultfilesstylessocial_sharepublicimages20221020speaker.png'),
(91, 'Man Utd too good for Tottenham, Liverpool revival rolls on', 0, '\"We had some more really good performances like Liverpool and Arsenal but this was the game from start to the end we were really good,\" said Ten Hag.\nThe Red Devils had 28 shots on goal against a Tottenham side that been beaten only once in their opening 10 league games of the season.\nNunez powered Kostas Tsimikas\' cross into the far corner for the game\'s only goal on 22 minutes.\nAlisson was needed once more to deny Tomas Soucek from point-blank range late on as Liverpool held out.\nThe Saints\' first win in six lifts them up to 14th, but still only two points clear of the bottom three.', '2022-10-20 09:38:03', '2022-10-20 09:39:05', 0, 'https://www.daily-sun.com/post/651316/Man-Utd-too-good-for-Tottenham-Liverpool-revival-rolls-on', 'httpswww.daily-sun.comassetsnews_images20221020man.jpg'),
(92, 'ACC approves charge sheet against 9 including 5 ex-NSU trustees', 1, 'The Anti-Corruption Commission (ACC) has approved a charge sheet against nine people including five of the board of trustees of North-South University for laundering about Tk 303.82 crore.\nACC will submit charge-sheet before court soon, said ACC Secretary Mahbub Hossain.\nThe accused former NSU trustees are Azim Uddin Ahmed, chairman of Mutual Group of Companies; Benajir Ahmed, managing director and CEO of Raymond Group of Industries; MA Kashem, chairman of Mutual Group of Industries; Rehana Rahman, MD of Bengal Tradeways Ltd; Mohammed Shajahan, MD of Shah Fatehullah Textile Mills Ltd.\nThe other accused in the charge sheet are Ashaloy Housing and Developers MD Amin Md Hilaly, its chairman Omar Faruk and directors Anwara Begum and Syed AK Haque.', '2022-10-20 09:38:11', NULL, 1, 'https://www.thedailystar.net/news/bangladesh/crime-justice/news/acc-approves-charge-sheet-against-9-including-5-ex-nsu-trustees-3147711', 'httpsimages.thedailystar.netsitesdefaultfilesstylessocial_sharepublicfeatureimagesnsu_26.jpg'),
(93, 'Mojo Asmane Pakha Melo Offer', 4, '<h1 class=\"single-title post-title entry-title is-size-0\" itemprop=\"headline\" style=\"--tw-border-spacing-x: 0; --tw-border-spacing-y: 0; --tw-translate-x: 0; --tw-translate-y: 0; --tw-rotate: 0; --tw-skew-x: 0; --tw-skew-y: 0; --tw-scale-x: 1; --tw-scale-y: 1; --tw-pan-x: ; --tw-pan-y: ; --tw-pinch-zoom: ; --tw-scroll-snap-strictness: proximity; --tw-ordinal: ; --tw-slashed-zero: ; --tw-numeric-figure: ; --tw-numeric-spacing: ; --tw-numeric-fraction: ; --tw-ring-inset: ; --tw-ring-offset-width: 0px; --tw-ring-offset-color: #fff; --tw-ring-color: rgb(59 130 246 / 0.5); --tw-ring-offset-shadow: 0 0 #0000; --tw-ring-shadow: 0 0 #0000; --tw-shadow: 0 0 #0000; --tw-shadow-colored: 0 0 #0000; --tw-blur: ; --tw-brightness: ; --tw-contrast: ; --tw-grayscale: ; --tw-hue-rotate: ; --tw-invert: ; --tw-saturate: ; --tw-sepia: ; --tw-drop-shadow: ; --tw-backdrop-blur: ; --tw-backdrop-brightness: ; --tw-backdrop-contrast: ; --tw-backdrop-grayscale: ; --tw-backdrop-hue-rotate: ; --tw-backdrop-invert: ; --tw-backdrop-opacity: ; --tw-backdrop-saturate: ; --tw-backdrop-sepia: ; --darkreader-bg--tw-ring-offset-width: 0px; --darkreader-bg--tw-ring-offset-color: #181a1b; --darkreader-bg--tw-ring-color: rgba(8, 68, 166, 0.5); --darkreader-bg--tw-ring-offset-shadow: 0 0 #0000; --darkreader-bg--tw-ring-shadow: 0 0 #0000; --darkreader-bg--tw-shadow: 0 0 #0000; text-rendering: optimizelegibility; -webkit-font-smoothing: antialiased; border: 0px; font-family: &quot;Suez One&quot;; font-size: 40px; margin-top: 0px; margin-bottom: 15px; outline-style: initial; outline-width: 0px; padding: 0px; vertical-align: baseline; overflow-wrap: break-word; color: rgb(232, 230, 227); letter-spacing: -0.04em; line-height: 1.05; background-color: rgb(32, 22, 22); --darkreader-inline-border-top: initial; --darkreader-inline-border-right: initial; --darkreader-inline-border-bottom: initial; --darkreader-inline-border-left: initial; --darkreader-inline-color:#d8d4cf; --darkreader-inline-bgcolor:#1a1212;\" data-darkreader-inline-border-top=\"\" data-darkreader-inline-border-right=\"\" data-darkreader-inline-border-bottom=\"\" data-darkreader-inline-border-left=\"\" data-darkreader-inline-color=\"\" data-darkreader-inline-bgcolor=\"\">Mojo- Fell The Life</h1>', '2022-10-20 09:41:46', NULL, 1, 'Mojo-Asmane-Pakha-Melo-Offer', 'dee5b71610f42c0b01c45d04ffc50a9c.jpg'),
(94, 'Man Utd too good for Tottenham, Liverpool revival rolls on', 0, '\"We had some more really good performances like Liverpool and Arsenal but this was the game from start to the end we were really good,\" said Ten Hag.\nThe Red Devils had 28 shots on goal against a Tottenham side that been beaten only once in their opening 10 league games of the season.\nNunez powered Kostas Tsimikas\' cross into the far corner for the game\'s only goal on 22 minutes.\nAlisson was needed once more to deny Tomas Soucek from point-blank range late on as Liverpool held out.\nThe Saints\' first win in six lifts them up to 14th, but still only two points clear of the bottom three.', '2022-10-20 10:00:38', '2022-10-20 10:01:23', 0, 'https://www.daily-sun.com/post/651316/Man-Utd-too-good-for-Tottenham-Liverpool-revival-rolls-on', 'httpswww.daily-sun.comassetsnews_images20221020man.jpg'),
(95, 'ACC okays chargesheet against 9 including 5 ex-NSU trustees', 1, 'The Anti-Corruption Commission (ACC) has approved a charge sheet against nine people including five of the board of trustees of North-South University for laundering about Tk 303.82 crore.\nACC will submit charge-sheet before court soon, said ACC Secretary Mahbub Hossain.\nThe accused former NSU trustees are Azim Uddin Ahmed, chairman of Mutual Group of Companies; Benajir Ahmed, managing director and CEO of Raymond Group of Industries; MA Kashem, chairman of Mutual Group of Industries; Rehana Rahman, MD of Bengal Tradeways Ltd; Mohammed Shajahan, MD of Shah Fatehullah Textile Mills Ltd.\nThe other accused in the charge sheet are Ashaloy Housing and Developers MD Amin Md Hilaly, its chairman Omar Faruk and directors Anwara Begum and Syed AK Haque.', '2022-10-20 10:00:46', NULL, 1, 'https://www.thedailystar.net/news/bangladesh/crime-justice/news/acc-approves-charge-sheet-against-9-including-5-ex-nsu-trustees-3147711', 'httpsimages.thedailystar.netsitesdefaultfilesstylessocial_sharepublicfeatureimagesnsu_26.jpg'),
(96, 'bKash offers up to 50% discount on tour packages, hotels & airfares', 4, '<p style=\"margin-bottom: 14px; float: none; padding: 0px 0px 10px; width: auto; line-height: 20px; color: rgb(196, 191, 183); font-family: Arial, Helvetica, sans-serif; font-size: 13px; text-align: justify;\">By teaming up with some reputed hotels, airlines and tour operators, bKash Limited, the largest mobile financial service provider in the country has been offering its customers up to 50% discount on room rents, air tickets and tour packages on bKash payment. &nbsp;&nbsp;</p><p style=\"margin-bottom: 14px; float: none; padding: 0px 0px 10px; width: auto; line-height: 20px; color: rgb(196, 191, 183); font-family: Arial, Helvetica, sans-serif; font-size: 13px; text-align: justify;\">bKash announced the travel scheme in the middle of October aiming to bring happiness and encouragement to its customers amid big savings on travel during country’s peak holiday season beginning from October to December. The offer will last till December 31, 2018.&nbsp;</p><p style=\"margin-bottom: 14px; float: none; padding: 0px 0px 10px; width: auto; line-height: 20px; color: rgb(196, 191, 183); font-family: Arial, Helvetica, sans-serif; font-size: 13px; text-align: justify;\">The largest mobile financial service provider in the country launched the discount deal in partnership with Grand Sultan Tea Resort and Golf, Nokkhottrobari Resort &amp; Conference Center, Shaira Garden Hotel and Resort, Hotel The Cox Today, Prassad Paradise Hotel &amp; Resort, Nazimgarh Resort, Ocean Paradise Hotel &amp; Resort and Royal Tulip Sea Pearl Resort &amp; Spa, Travel Zoo Bangladesh, Aoterk Tourism Ltd, ITS Holiday Ltd, Bangladesh Parjatan Corporation, US Bangla Airlines, Regent Airways and Nandan Park. &nbsp;&nbsp;</p><p style=\"margin-bottom: 14px; float: none; padding: 0px 0px 10px; width: auto; line-height: 20px; color: rgb(196, 191, 183); font-family: Arial, Helvetica, sans-serif; font-size: 13px; text-align: justify;\">To avail the discount, bKash customers have to make the payment via bKash app or USSD channel *247# while purchasing holiday packages, renting room and buying air tickets from the participating merchants.</p><p style=\"margin-bottom: 14px; float: none; padding: 0px 0px 10px; width: auto; line-height: 20px; color: rgb(196, 191, 183); font-family: Arial, Helvetica, sans-serif; font-size: 13px; text-align: justify;\">The details of the offer along with terms and conditions is available at bKash website&nbsp;<a href=\"https://www.bkash.com/bn/travel_discount\" style=\"color: rgb(238, 50, 132);\">https://www.bkash.com/bn/travel_discount</a>&nbsp;&nbsp;and Facebook page&nbsp;<a href=\"https://www.facebook.com/bkashlimited/\" style=\"color: rgb(238, 50, 132);\">https://www.facebook.com/bkashlimited/</a></p><p style=\"margin-bottom: 14px; float: none; padding: 0px 0px 10px; width: auto; line-height: 20px; color: rgb(196, 191, 183); font-family: Arial, Helvetica, sans-serif; font-size: 13px; text-align: justify;\">Launched in 2011, bKash, a joint venture of BRAC Bank, US based Money in Motion, International Finance Corporation of World Bank Group, Bill and Melinda Gates Foundation and China based Ant Financial(Ali Pay) , an affiliate of Alibaba Group offers broad range of mobile financial services to the common people of Bangladesh.</p>', '2022-10-20 10:05:34', NULL, 1, 'bKash-offers-up-to-50%-discount-on-tour-packages,-hotels-&-airfares', 'f99c9e460afc9ae17690fdd0ac6296d1.jpg'),
(97, 'Man Utd too good for Tottenham, Liverpool revival rolls on', 0, '\"We had some more really good performances like Liverpool and Arsenal but this was the game from start to the end we were really good,\" said Ten Hag.\nThe Red Devils had 28 shots on goal against a Tottenham side that been beaten only once in their opening 10 league games of the season.\nNunez powered Kostas Tsimikas\' cross into the far corner for the game\'s only goal on 22 minutes.\nAlisson was needed once more to deny Tomas Soucek from point-blank range late on as Liverpool held out.\nThe Saints\' first win in six lifts them up to 14th, but still only two points clear of the bottom three.', '2022-10-20 10:35:45', NULL, 1, 'https://www.daily-sun.com/post/651316/Man-Utd-too-good-for-Tottenham-Liverpool-revival-rolls-on', 'httpswww.daily-sun.comassetsnews_images20221020man.jpg'),
(98, 'No good news yet from China on Rohingya repatriation: Momen', 1, 'Foreign Minister Dr AK Abdul Momen today (October 20, 2022) said the Chinese side is yet to come up with any good news on the Rohingya repatriation but they are continuing their efforts to that end.\n\"My key discussion (with Chinese Ambassador to Bangladesh) today focused on Myanmar and the Rohingya issue,\" he told reporters after his meeting with Chinese Ambassador to Bangladesh Li Jiming.\nThe hour-long meeting was held at the State guesthouse Padma while the Foreign Minister briefed the media at the Ministry of Foreign Affairs.\n\"That\'s good news but there is no specific date (when repatriation will begin),\" Momen said.\nBrokered by China, Bangladesh and Myanmar signed an agreement for starting repatriation of the Rohingya refugees to Myanmar under a tripartite mechanism, but the process remained stalled.', '2022-10-20 10:35:52', NULL, 1, 'https://www.thedailystar.net/rohingya-influx/news/no-good-news-yet-chinese-side-rohingya-repatriation-momen-3147746', 'httpsimages.thedailystar.netsitesdefaultfilesstylessocial_sharepublicmediaapi_images20220828rohingya%20file.jpg'),
(99, 'ACC okays chargesheet against 9 including 5 ex-NSU trustees', 1, 'The Anti-Corruption Commission (ACC) has approved a charge sheet against nine people including five of the board of trustees of North-South University for laundering about Tk 303.82 crore.\nACC will submit charge-sheet before court soon, said ACC Secretary Mahbub Hossain.\nThe accused former NSU trustees are Azim Uddin Ahmed, chairman of Mutual Group of Companies; Benajir Ahmed, managing director and CEO of Raymond Group of Industries; MA Kashem, chairman of Mutual Group of Industries; Rehana Rahman, MD of Bengal Tradeways Ltd; Mohammed Shajahan, MD of Shah Fatehullah Textile Mills Ltd.\nThe other accused in the charge sheet are Ashaloy Housing and Developers MD Amin Md Hilaly, its chairman Omar Faruk and directors Anwara Begum and Syed AK Haque.', '2022-10-20 10:36:18', NULL, 1, 'https://www.thedailystar.net/news/bangladesh/crime-justice/news/acc-approves-charge-sheet-against-9-including-5-ex-nsu-trustees-3147711', 'httpsimages.thedailystar.netsitesdefaultfilesstylessocial_sharepublicfeatureimagesnsu_26.jpg'),
(100, 'Dengue infections may drop next month: DGHS', 1, 'Dengue cases are likely to start dropping from early November, said Directorate General of Health Services (DGHS) Director (disease control) Professor Dr Nazmul Islam on Thursday.\nThe year dengue infections have increased due to climate change and lack of awareness among people, he told the reporters at an event organized by National Malaria Eradication and Aedes Transmitted Diseases (ATDS) Control Programme at a city hotel.\nHe also said the hospital authorities have taken all necessary measures to provide treatment to the increasing dengue patients.\n“Deaths from dengue can be reduced significantly if patients consult with doctors in time.”With seven more deaths from dengue confirmed on Wednesday, the official death toll from the disease rose to 106 in this year - the second-highest on record after the 179 deaths recorded in 2019.\nThe total number of cases this year stood at 27,802.', '2022-10-20 10:36:36', NULL, 1, 'https://www.daily-sun.com/./post/651351/Dengue-infections-may-drop-next-month:-DGHS', 'httpswww.daily-sun.comassetsnews_images20221020debgue.PNG'),
(101, 'Media can play role in deepening Bangladesh-India ties: Speaker', 1, 'Jatiya Sangsad Speaker Shirin Sharmin Chaudhury has said the media can play their roles in promoting the activities that can help further deepen the bilateral relations between Bangladesh and India.\nShe urged the journalists of both Bangladesh and India to play constructive role in improving Dhaka-Delhi ties.\nSpeaker Chaudhury said the two countries have addressed many challenges in the past years, including land and maritime boundaries demarcation.\nIndian Journalists’ Union President Geetartha Pathak said Bangladesh and India share common history and culture.\nBangladesh faces immense problems due to flooding that the upper riparian countries India, Nepal or Bhutan do not face, he said.', '2022-10-20 10:36:41', NULL, 1, 'https://www.daily-sun.com/./post/651347/Media-can-play-role-in-deepening-BangladeshIndia-ties:-Speaker', 'httpswww.daily-sun.comassetsnews_images20221020speaker.jpg'),
(102, 'Under-pressure Putin \'doubles down\' with security decree', 1, 'In those regions close to the border with Ukraine, such as Belgorod, Bryansk, Krasnodar and Rostov regions, as well as in annexed Crimea, a \"medium level of response\" has been declared.\nMeasures include boosting security and public order: the decree also envisages restrictions on the movement of traffic, as well as on entry into and exit from these regions.', '2022-10-20 10:36:57', NULL, 1, 'https://www.bbc.com/news/world-europe-63319100', 'httpsichef.bbci.co.uknews1024branded_newsE048production_127261475_mediaitem127261471.jpg'),
(103, 'Man Utd too good for Tottenham, Liverpool revival rolls on', 0, '\"We had some more really good performances like Liverpool and Arsenal but this was the game from start to the end we were really good,\" said Ten Hag.\nThe Red Devils had 28 shots on goal against a Tottenham side that been beaten only once in their opening 10 league games of the season.\nNunez powered Kostas Tsimikas\' cross into the far corner for the game\'s only goal on 22 minutes.\nAlisson was needed once more to deny Tomas Soucek from point-blank range late on as Liverpool held out.\nThe Saints\' first win in six lifts them up to 14th, but still only two points clear of the bottom three.', '2022-10-20 16:34:38', NULL, 1, 'https://www.daily-sun.com/post/651316/Man-Utd-too-good-for-Tottenham-Liverpool-revival-rolls-on', 'httpswww.daily-sun.comassetsnews_images20221020man.jpg'),
(104, 'Man held with yaba pills in Savar, case filed', 1, 'Members of Detective Branch (DB) of Police arrested a man with 6,000 yaba pills in Savar last night (October 19, 2022).\nThe arrestee is Jalal Uddin (35) of North Bhashantek area of the capital.\nDB\'s Dhaka District (North) Officer-in-charge Riaz Uddin Ahmed confirmed this to our Savar correspondent.\nBased on secret information, the DB men conducted a drive at a rented house in Savar\'s Kaundia area and arrested Jalal with the pills around 8pm.\nActually, he runs the drug business under the guise of rice business, OC Riaz Uddin said quoting the arrestee.', '2022-10-20 16:34:59', NULL, 1, 'https://www.thedailystar.net/news/bangladesh/crime-justice/news/man-held-yaba-pills-savar-case-filed-3147981', 'httpsimages.thedailystar.netsitesdefaultfilesstylessocial_sharepublicimages20221020db.jpg'),
(105, '2 children electrocuted in Habiganj', 1, 'Two children died after being electrocuted at Sultanshi village in Habiganj Sadar upazila this evening (October 20, 2022).\nThey deceased were identified as Shimla Akhter (9), daughter of Abul Latif of Shultanshi village and her cousin Rojina Akhter (7), daughter of Siddique Ali of Abdabkhai village, reports our Moulvibazar correspondent quoting Golam Mortaza, officer-in-charge of Habiganj Sadar Police Station.\nShimla and Rojina were third and second grade students respectively at a local primary school.\nOC Mortaza said the they were playing at the yard of their house this evening.\nLater, locals rescued them and took them to Habiganj Sadar Adhunik Hospital where on-duty doctor Mehdi Hasan declared them dead, informed the OC.', '2022-10-20 16:35:28', NULL, 1, 'https://www.thedailystar.net/news/bangladesh/accidents-fires/news/2-children-electrocuted-habiganj-3147971', 'httpsimages.thedailystar.netsitesdefaultfilesstylessocial_sharepublicuploads20210714habiganj.jpg'),
(106, 'Two minor girls electrocuted in Habignaj', 1, 'Two minor girls died after being electrocuted at Sultanshi village in Sadar upazila this afternoon.\nThe deceased were identified as Shimla, 10, hailed from the village, and Rozina, 10.\nThey were cousins.\nThey used to read in class four.\nOfficer-in-Charge of Sadar Thana Golam Mortuza confirmed.', '2022-10-20 16:35:45', NULL, 1, 'https://www.daily-sun.com/./post/651400/Two-minor-girls-electrocuted-in-Habignaj', 'httpswww.daily-sun.comassetsnews_images20221020Electorcution-ds.jpg'),
(107, 'AL is not obstructing BNP rally, says Obaidul Quader', 1, 'Awami League General Secretary Obaidul Quader on Thursday said the government did not make any attempts to thwart the BNP’s anti-government rally, rather extended administrative support.\n\"Neither the government nor the Awami League has ever created any obstacles to holding the rally by BNP, and (we) will never do so,\" he told reporters at Shetu Bhaban in Dhaka.\n\"The transport strike was not there, so why wasn\'t the rally venue full of people in Chattogram?”Quader said that neither the government nor the Awami League is intimidating the upcoming rally in Khulna.\nTransport workers and owners in the southwestern region said they would suspend bus services in Khulna ahead of the BNP rally on Saturday as they are afraid of violence, Quader added.\n“What can the government or Awami League do (in that case)?”In response to the statement by BNP Secretary General Mirza Fakhrul Islam Alamgir that Awami League had created 1/11, Quader said: “Who was in power before 1/11?”Quader said that BNP wanted to destroy the entire election system by making 1.23 crore fake voters.', '2022-10-20 16:35:54', NULL, 1, 'https://www.daily-sun.com/./post/651396/AL-is-not-obstructing-BNP-rally-says-Obaidul-Quader', 'httpswww.daily-sun.comassetsnews_images20221020quader.jpg'),
(108, 'Abolfazl Adinezadeh: Teenage protester shot dead by security forces - sources', 1, 'Recently, he had become increasingly angry about corruption, the death last month of Mahsa Amini - the 22-year-old woman who fell into a coma after being detained by morality police - as well as the footage of other women being beaten and killed in the streets, the sources said.', '2022-10-20 16:36:12', NULL, 1, 'https://www.bbc.com/news/world-middle-east-63328086', 'httpsichef.bbci.co.uknews1024branded_newsF68Dproduction_127271136_abolfazl1.jpg'),
(109, 'China anger over death of girl, 14, sent to Covid quarantine', 1, 'The relative said JinJin had been taken to a quarantine centre set up in a local school and placed in a separate building to her father.\nHundreds of other children are being held in such centres across the region - with many separated from their families.', '2022-10-20 16:36:31', NULL, 1, 'https://www.bbc.com/news/world-asia-china-63324655', 'httpsichef.bbci.co.uknews1024branded_news18502production_127268599_gettyimages-1385594315.jpg'),
(110, 'It\'s difficult that everyone is slowly leaving us behind: Dilara Zaman reminisces Masum Aziz', 3, 'Ekushey Padak-winning actress, Dilara Zaman is still active in the industry, even at the age of 80.\nDilara Zaman said, \"Even if I want to, I cannot do a lot of acting work due to my age.\nIn response to a question, the five-decade-tenured Dilara Zaman said, \"It is very difficult that everyone is slowly leaving us behind.\nI was also very close to Masum Aziz and he too left us as well.\"\nRegarding the late Masum Aziz, Dilara noted how she had worked in his first directorial series, \"Boro Maa\".', '2022-10-20 16:37:03', '2022-10-20 16:39:22', 0, 'https://www.thedailystar.net/entertainment/tv-film/news/its-difficult-everyone-slowly-leaving-us-behind-dilara-zaman-reminisces-masum-aziz-3147886', 'httpsimages.thedailystar.netsitesdefaultfilesstylessocial_sharepublicimages20221020dilara_zaman_1.jpg'),
(111, 'Vidyut, Arjun Rampal, Jacqueline Fernandez to star in extreme-sports film \'Crakk\'', 3, 'Bollywood actors Vidyut Jammwal, Arjun Rampal, and Jacqueline Fernandez are teaming up to work on the upcoming sports-action film, \"Crakk\".\nJammwal will be performing a variety of extreme sports stunts and action sequences in \"Crakk\", which is being touted as India\'s first-ever extreme-sports-action movie.\nHis dedication to perfect action sequences is truly commendable.\"\nJacqueline also shared that she was very impressed by the storyline of \"Crakk\" and immediately wanted to be a part of such a unique film.\nThe shooting of the film has already started in Poland and it is scheduled for release in 2023.', '2022-10-20 16:37:32', '2022-10-20 16:39:12', 0, 'https://www.thedailystar.net/entertainment/tv-film/news/vidyut-arjun-rampal-jacqueline-fernandez-star-extreme-sports-film-crakk-3147876', 'httpsimages.thedailystar.netsitesdefaultfilesstylessocial_sharepublicimages20221020untitled_design_22.png'),
(112, 'Chandan Sinha: singer of the decade', 3, 'Choice by audience vote apparently an \'non performing singer\' Chandan Sinha won the crown of the Singer of the Decade.\nVery choosy for content, Chandan Sinha perform occasionally by choice not by any compulsion.\nAt young age Chandan Sinha flew from home to Mumbai ( then Bombay) to build his career as playback singer and failed , then he back home.\nMamun- a talent hunter- use the voice of Chandan Sinha for first tv serial in Bangladesh Television, BTV, Shirsho Bindu.\nWish, this might bring new crown for Chandan Sinha - the Singer of the Decade.', '2022-10-20 16:37:51', NULL, 1, 'https://www.daily-sun.com/./post/651313/Chandan-Sinha:-singer-of-the-decade', 'httpswww.daily-sun.comassetsnews_images20221020singer.jpg'),
(113, 'Rezwana Choudhury Bannya receives Lifetime Achievement Award', 3, 'Prominent singer Rezwana Choudhury Bannya has received the Lifetime Achievement Award at Oikko-Channel i Music Awards 2022.\nThe award ceremony was held at Sheikh Russel Cantonment on the western side of the Padma Bridge on Tuesday night.\nBesides Rezwana Choudhury Bannya, 24 artistes and one orgranisation received the awards in 14 categories.\nComplete list of Oikko-Channel i Music Awards 2022Lifetime Achievement Award: Rezwana Choudhury BannyaModern song -- Best singer: Fahmida Nabi, Best Composer: Kishore, Best Lyricist: Asif Iqbal.\nFilm song-- Best singer: Imran Mahmudul, Best Composer: Emon Chowdhury and Best Lyricist: Mir Sabbir.', '2022-10-20 16:37:58', NULL, 1, 'https://www.daily-sun.com/./post/651205/Rezwana-Choudhury-Bannya-receives-Lifetime-Achievement-Award', 'httpswww.daily-sun.comassetsnews_images20221019Oikko-Channel_i_Music_Awards_.JPG'),
(114, 'Are soaps in danger of extinction?', 3, 'In fact, the BBC’s first radio soap opera, 1941\'s Front Line Family, did not initially air in Britain at all but in North America.\nThe US\'s first daytime TV soap opera, These Are My Children, arrived in 1949, followed by Britain\'s first TV soap opera, the BBC\'s The Grove Family, in 1954.\nUS soaps have always been a staple of daytime TV, whereas most soaps in the UK air in the evening.\nReality TV is often derided despite being one of the most influential genres of the 21st Century.\n\"Right back to the rise of Big Brother [in the early noughties], reality shows have been able to create national conversations,\" Bryan says.', '2022-10-20 16:38:17', NULL, 1, 'https://www.bbc.com/culture/article/20221018-are-soaps-in-danger-of-extinction', 'httpsychef.files.bbci.co.uklive624x351p0d7szby.jpg'),
(115, 'Are soaps in danger of extinction?', 3, 'In fact, the BBC’s first radio soap opera, 1941\'s Front Line Family, did not initially air in Britain at all but in North America.\nThe US\'s first daytime TV soap opera, These Are My Children, arrived in 1949, followed by Britain\'s first TV soap opera, the BBC\'s The Grove Family, in 1954.\nUS soaps have always been a staple of daytime TV, whereas most soaps in the UK air in the evening.\nReality TV is often derided despite being one of the most influential genres of the 21st Century.\n\"Right back to the rise of Big Brother [in the early noughties], reality shows have been able to create national conversations,\" Bryan says.', '2022-10-20 16:38:35', NULL, 1, 'https://www.bbc.com/culture/article/20221018-are-soaps-in-danger-of-extinction', 'httpsychef.files.bbci.co.uklive624x351p0d7szby.jpg'),
(116, 'Mills replaces injured Topley', 2, 'Scans confirmed significant ligament damage and the giant left-arm seamer was withdrawn from the squad, with fellow left-armer Tymal Mills promoted from his previous status as travelling reserve.\nA statement from the International Cricket Council (ICC) on Wednesday confirmed that Mills had been drafted into the squad.\nTopley has overcome multiple stress fractures in his back in recent years to become a key player in England\'s white-ball sides.\nSri Lankan bowler Kasun Rajitha has replaced the injured Dushmantha Chameera while all-rounder Danushka Gunathilaka will be replaced by travelling reserve Ashen Bandara, who is a batsman.\nIn the United Arab Emirates squad, travelling reserve Fahad Nawaz has replaced Zawar Farid.', '2022-10-20 16:39:08', NULL, 1, 'https://www.thedailystar.net/sports/sports-special/t20-world-cup-2022/news/mills-replaces-injured-topley-3147546', 'httpsimages.thedailystar.netsitesdefaultfilesstylessocial_sharepublicimages20221020reece_topley.jpg'),
(117, 'Pakistan’s T20 home series against Windies postponed', 2, 'A three-match Twenty20 series hosted by Pakistan against the West Indies in January has been postponed by mutual consent, officials said Thursday.\nThe Pakistan Cricket Board said the series will now take place in early 2024, allowing both sides to better prepare for that year\'s Twenty20 World Cup, to be held in the Caribbean and the United States.\nPakistan has largely restored its reputation as an international cricket host, with tours from Sri Lanka, South Africa, the West Indies, Australia and England in the last three years.\nThe national team was forced to play home matches on neutral venues following a militant attack on the Sri Lankan team bus in Lahore in 2009.', '2022-10-20 16:39:37', NULL, 1, 'https://www.thedailystar.net/sports/cricket/news/pakistans-t20-home-series-against-windies-postponed-3147856', 'httpsimages.thedailystar.netsitesdefaultfilesstylessocial_sharepublicimages20221020pcb_logo.jpg'),
(118, 'Prosecutors appeal Blatter, Platini acquittal in FIFA fraud trial', 2, 'Swiss prosecutors said Thursday that they had filed an appeal against the acquittal of former football chiefs Sepp Blatter and Michel Platini over a suspected fraudulent payment.\nFormer FIFA president Blatter, 86, and Platini, 67, were cleared of the allegations that shook world football and torpedoed their time at the top.\nThe Federal Criminal Court rejected the prosecution\'s request for a suspended prison sentence of a year and eight months.\nBlatter told the court the pair had actually struck a \"gentleman\'s agreement\" for Platini to be paid a million Swiss francs a year.\nBlatter was accused of misappropriation and criminal mismanagement, while Platini was accused of participating in those offences.', '2022-10-20 16:39:56', NULL, 1, 'https://www.daily-sun.com/./post/651341/Prosecutors-appeal-Blatter-Platini-acquittal-in-FIFA-fraud-trial', 'httpswww.daily-sun.comassetsnews_images20221020swiss.jpg'),
(119, 'India to arrive in Bangladesh on Dec 1 for cricket series: BCB', 2, 'India\'s national cricket team is slated to arrive in Dhaka on December 1 to play a series of three ODIs and two Tests.\nThe Bangladesh Cricket Board (BCB) revealed the schedule on Thursday.\nIn their last tour, India played two Tests and three ODIs.\n“I thank the Board of Control for Cricket in India for working closely with the BCB in confirming the schedule.\nBangladesh played 11 Tests against India and lost nine of them with two draws.', '2022-10-20 16:40:02', NULL, 1, 'https://www.daily-sun.com/./post/651335/India-to-arrive-in-Bangladesh-on-Dec-1-for-cricket-series:-BCB', 'httpswww.daily-sun.comassetsnews_images20221020bd-ind.jpg'),
(120, 'Cristiano Ronaldo: Man Utd forward leaves Old Trafford before full-time', 2, 'Last updated on .From the section Man UtdCristiano Ronaldo\'s behaviour \'unacceptable\' - Micah RichardsManchester United forward Cristiano Ronaldo left Old Trafford before full-time in Wednesday\'s Premier League win over Tottenham.\nFormer England striker Gary Lineker said Ronaldo\'s behaviour took attention away from United\'s impressive performance against Spurs.\nRichards said Ronaldo\'s behaviour was \"disrespectful\" and he should be allowed to leave in the January transfer window.\nManny: Ronaldo walking down the tunnel instead of staying to celebrate the win with his team-mates pretty much sums his attitude up.\nHe\'ll always be a legend at Old Trafford but he needs dropping from the squad as he\'s now doing more harm than good.', '2022-10-20 16:40:20', NULL, 1, 'https://www.bbc.com/sport/football/63323645', 'httpsichef.bbci.co.uklive-experiencecps624cpsprodpbAF42production_127266844_gettyimages-1244083471.jpg'),
(121, 'European Super League\'s new organiser open to English club talks', 2, 'Last updated on .From the section European FootballThere were protests from football fans and players in England about the idea of the European Super LeagueThe door is open for English clubs to join fresh talks around launching a European Super League, says a senior executive on the project.\nThe former chief executive at German broadcaster RTL has been appointed chief executive of A22 Sports Management, the company promoting a revamped Super League proposal.\nReal Madrid, Barcelona and Juventus remain wedded to the idea of a Super League.\nThey were three of 12 elite European clubs who announced the formation of the competition - which would have operated outside of Uefa\'s control - in April 2021.\nThe Super League idea could be given fresh impetus, though, with the European Court of Justice (ECJ) scheduled to rule next spring on the validity of Uefa\'s monopoly on organising cross-border competitions.', '2022-10-20 16:40:38', NULL, 1, 'https://www.bbc.com/sport/football/63334283', 'httpsichef.bbci.co.uklive-experiencecps624cpsprodpbCD3Cproduction_118104525_gettyimages-1225539750.jpg');

--
-- Indexes for dumped tables
--

--
-- Indexes for table `tbladmin`
--
ALTER TABLE `tbladmin`
  ADD PRIMARY KEY (`id`);

--
-- Indexes for table `tblcategory`
--
ALTER TABLE `tblcategory`
  ADD PRIMARY KEY (`id`);

--
-- Indexes for table `tblcomments`
--
ALTER TABLE `tblcomments`
  ADD PRIMARY KEY (`id`);

--
-- Indexes for table `tblpages`
--
ALTER TABLE `tblpages`
  ADD PRIMARY KEY (`id`);

--
-- Indexes for table `tblposts`
--
ALTER TABLE `tblposts`
  ADD PRIMARY KEY (`id`);

--
-- AUTO_INCREMENT for dumped tables
--

--
-- AUTO_INCREMENT for table `tblcategory`
--
ALTER TABLE `tblcategory`
  MODIFY `id` int(11) NOT NULL AUTO_INCREMENT, AUTO_INCREMENT=5;

--
-- AUTO_INCREMENT for table `tblcomments`
--
ALTER TABLE `tblcomments`
  MODIFY `id` int(11) NOT NULL AUTO_INCREMENT, AUTO_INCREMENT=5;

--
-- AUTO_INCREMENT for table `tblpages`
--
ALTER TABLE `tblpages`
  MODIFY `id` int(11) NOT NULL AUTO_INCREMENT, AUTO_INCREMENT=3;

--
-- AUTO_INCREMENT for table `tblposts`
--
ALTER TABLE `tblposts`
  MODIFY `id` int(11) NOT NULL AUTO_INCREMENT, AUTO_INCREMENT=122;
COMMIT;

/*!40101 SET CHARACTER_SET_CLIENT=@OLD_CHARACTER_SET_CLIENT */;
/*!40101 SET CHARACTER_SET_RESULTS=@OLD_CHARACTER_SET_RESULTS */;
/*!40101 SET COLLATION_CONNECTION=@OLD_COLLATION_CONNECTION */;
